
-- Setup default security: two administrator users, with all permission, but in different ways
INSERT INTO USER_LOGIN (USER_LOGIN_ID,CURRENT_PASSWORD,PARTY_ID) VALUES ('admin','ofbiz','admin');
INSERT INTO USER_LOGIN (USER_LOGIN_ID,CURRENT_PASSWORD) VALUES ('flexadmin','ofbiz');

INSERT INTO SECURITY_GROUP (GROUP_ID,DESCRIPTION) VALUES ('FULLADMIN','Full Admin group, has all general permissions.');
INSERT INTO USER_LOGIN_SECURITY_GROUP (USER_LOGIN_ID,GROUP_ID) VALUES ('admin','FULLADMIN');
INSERT INTO SECURITY_GROUP (GROUP_ID,DESCRIPTION) VALUES ('FLEXADMIN','Flexible Administrator, has all granular permissions.');
INSERT INTO USER_LOGIN_SECURITY_GROUP (USER_LOGIN_ID,GROUP_ID) VALUES ('flexadmin','FLEXADMIN');

INSERT INTO SECURITY_PERMISSION (PERMISSION_ID,DESCRIPTION) VALUES ('ENTITY_MAINT','Permission to View the Entity Maintenance page.');
INSERT INTO SECURITY_GROUP_PERMISSION (GROUP_ID,PERMISSION_ID) VALUES ('FULLADMIN','ENTITY_MAINT');
INSERT INTO SECURITY_GROUP_PERMISSION (GROUP_ID,PERMISSION_ID) VALUES ('FLEXADMIN','ENTITY_MAINT');

INSERT INTO SECURITY_PERMISSION (PERMISSION_ID,DESCRIPTION) VALUES ('UTIL_CACHE_VIEW','Permission to View a UtilCache instance.');
INSERT INTO SECURITY_GROUP_PERMISSION (GROUP_ID,PERMISSION_ID) VALUES ('FULLADMIN','UTIL_CACHE_VIEW');
INSERT INTO SECURITY_GROUP_PERMISSION (GROUP_ID,PERMISSION_ID) VALUES ('FLEXADMIN','UTIL_CACHE_VIEW');
INSERT INTO SECURITY_PERMISSION (PERMISSION_ID,DESCRIPTION) VALUES ('UTIL_CACHE_EDIT','Permission to Edit a UtilCache instance.');
INSERT INTO SECURITY_GROUP_PERMISSION (GROUP_ID,PERMISSION_ID) VALUES ('FULLADMIN','UTIL_CACHE_EDIT');
INSERT INTO SECURITY_GROUP_PERMISSION (GROUP_ID,PERMISSION_ID) VALUES ('FLEXADMIN','UTIL_CACHE_EDIT');

-- Some data to play with
INSERT INTO PARTY_TYPE (PARTY_TYPE_ID, HAS_TABLE, PARENT_TYPE_ID) VALUES ('ADMIN_1', 'N', 'ADMIN_PARENT_1');
INSERT INTO PARTY_TYPE (PARTY_TYPE_ID, HAS_TABLE, PARENT_TYPE_ID) VALUES ('ADMIN_2', 'N', 'ADMIN_PARENT_1');
INSERT INTO PARTY_TYPE (PARTY_TYPE_ID, HAS_TABLE, PARENT_TYPE_ID) VALUES ('ADMIN_3', 'N', 'ADMIN_PARENT_1');
INSERT INTO PARTY_TYPE (PARTY_TYPE_ID, HAS_TABLE, PARENT_TYPE_ID) VALUES ('ADMIN_4', 'N', 'ADMIN_PARENT_1');
INSERT INTO PARTY_TYPE (PARTY_TYPE_ID, HAS_TABLE, PARENT_TYPE_ID) VALUES ('ADMIN_5', 'N', 'ADMIN_PARENT_1');
INSERT INTO PARTY_TYPE (PARTY_TYPE_ID, HAS_TABLE, PARENT_TYPE_ID) VALUES ('ADMIN_6', 'N', 'ADMIN_PARENT_1');
INSERT INTO PARTY_TYPE (PARTY_TYPE_ID, HAS_TABLE, PARENT_TYPE_ID) VALUES ('ADMIN_7', 'N', 'ADMIN_PARENT_1');
INSERT INTO PARTY_TYPE (PARTY_TYPE_ID, HAS_TABLE, PARENT_TYPE_ID) VALUES ('ADMIN_8', 'N', 'ADMIN_PARENT_1');
INSERT INTO PARTY_TYPE (PARTY_TYPE_ID, HAS_TABLE, PARENT_TYPE_ID) VALUES ('ADMIN_9', 'N', 'ADMIN_PARENT_1');
INSERT INTO PARTY_TYPE (PARTY_TYPE_ID, HAS_TABLE, PARENT_TYPE_ID) VALUES ('ADMIN_10', 'N', 'ADMIN_PARENT_1');
INSERT INTO PARTY_TYPE (PARTY_TYPE_ID, HAS_TABLE, PARENT_TYPE_ID) VALUES ('ADMIN_11', 'N', 'ADMIN_PARENT_1');
INSERT INTO PARTY_TYPE (PARTY_TYPE_ID, HAS_TABLE, PARENT_TYPE_ID) VALUES ('ADMIN_12', 'N', 'ADMIN_PARENT_1');
INSERT INTO PARTY_TYPE (PARTY_TYPE_ID, HAS_TABLE, PARENT_TYPE_ID) VALUES ('ADMIN_13', 'N', 'ADMIN_PARENT_1');
INSERT INTO PARTY_TYPE (PARTY_TYPE_ID, HAS_TABLE, PARENT_TYPE_ID) VALUES ('ADMIN_20', 'N', 'ADMIN_PARENT_2');
INSERT INTO PARTY_TYPE (PARTY_TYPE_ID, HAS_TABLE, PARENT_TYPE_ID) VALUES ('ADMIN_21', 'N', 'ADMIN_PARENT_2');
INSERT INTO PARTY_TYPE (PARTY_TYPE_ID, HAS_TABLE, PARENT_TYPE_ID) VALUES ('ADMIN_PARENT_1', 'N', 'ADMIN_GRAND_PARENT_1');
INSERT INTO PARTY_TYPE (PARTY_TYPE_ID, HAS_TABLE, PARENT_TYPE_ID) VALUES ('ADMIN_PARENT_2', 'N', 'ADMIN_GRAND_PARENT_1');
INSERT INTO PARTY_TYPE (PARTY_TYPE_ID, HAS_TABLE, PARENT_TYPE_ID) VALUES ('ADMIN_PARENT_3', 'N', 'ADMIN_GRAND_PARENT_1');
INSERT INTO PARTY_TYPE (PARTY_TYPE_ID, HAS_TABLE, PARENT_TYPE_ID) VALUES ('ADMIN_GRAND_PARENT_1', 'N', '');

INSERT INTO PARTY (PARTY_ID) VALUES ('admin');
INSERT INTO PARTY_CLASSIFICATION (PARTY_ID, PARTY_TYPE_ID) VALUES ('admin', 'ADMIN_1');
INSERT INTO PARTY_CLASSIFICATION (PARTY_ID, PARTY_TYPE_ID) VALUES ('admin', 'ADMIN_21');
INSERT INTO PARTY_TYPE_ATTR (PARTY_TYPE_ID, NAME) VALUES ('ADMIN_1', 'GOOD_ADMIN');
INSERT INTO PARTY_TYPE_ATTR (PARTY_TYPE_ID, NAME) VALUES ('ADMIN_1', 'KNOWS_OFBIZ');
INSERT INTO PARTY_ATTRIBUTE (PARTY_ID, NAME, VALUE) VALUES ('admin', 'GOOD_ADMIN', 'Definately not');
INSERT INTO PARTY_ATTRIBUTE (PARTY_ID, NAME, VALUE) VALUES ('admin', 'KNOWS_OFBIZ', 'Yes, definately');


-- -- Copied from datamodel-data.sql
-- GEO Boundary Type
INSERT INTO GEO_TYPE (GEO_TYPE_ID, HAS_TABLE, PARENT_TYPE_ID) VALUES ('CITY', 'N', '');
INSERT INTO GEO_TYPE (GEO_TYPE_ID, HAS_TABLE, PARENT_TYPE_ID) VALUES ('STATE', 'N', '');
INSERT INTO GEO_TYPE (GEO_TYPE_ID, HAS_TABLE, PARENT_TYPE_ID) VALUES ('POSTAL_CODE', 'N', '');
INSERT INTO GEO_TYPE (GEO_TYPE_ID, HAS_TABLE, PARENT_TYPE_ID) VALUES ('COUNTRY', 'N', '');
INSERT INTO GEO_TYPE (GEO_TYPE_ID, HAS_TABLE, PARENT_TYPE_ID) VALUES ('COUNTY', 'N', '');
INSERT INTO GEO_TYPE (GEO_TYPE_ID, HAS_TABLE, PARENT_TYPE_ID) VALUES ('COUNTY_CITY', 'N', '');
INSERT INTO GEO_TYPE (GEO_TYPE_ID, HAS_TABLE, PARENT_TYPE_ID) VALUES ('PROVINCE', 'N', '');
INSERT INTO GEO_TYPE (GEO_TYPE_ID, HAS_TABLE, PARENT_TYPE_ID) VALUES ('REGION', 'N', '');
INSERT INTO GEO_TYPE (GEO_TYPE_ID, HAS_TABLE, PARENT_TYPE_ID) VALUES ('SALES_TERRITORY', 'N', '');
INSERT INTO GEO_TYPE (GEO_TYPE_ID, HAS_TABLE, PARENT_TYPE_ID) VALUES ('SERVICE_TERRITORY', 'N', '');
INSERT INTO GEO_TYPE (GEO_TYPE_ID, HAS_TABLE, PARENT_TYPE_ID) VALUES ('TERRITORY', 'N', '');

-- Unit Of Measure Type
INSERT INTO UOM_TYPE (UOM_TYPE_ID, HAS_TABLE, PARENT_TYPE_ID) VALUES ('CURRENCY_MEASURE', 'N', '');
INSERT INTO UOM_TYPE (UOM_TYPE_ID, HAS_TABLE, PARENT_TYPE_ID) VALUES ('TIME_FREQUENCY_MEASURE', 'N', '');

-- Party Type
INSERT INTO PARTY_TYPE (PARTY_TYPE_ID, HAS_TABLE, PARENT_TYPE_ID) VALUES ('PERSON', 'Y', '');
INSERT INTO PARTY_TYPE (PARTY_TYPE_ID, HAS_TABLE, PARENT_TYPE_ID) VALUES ('ORGANIZATION', 'N', '');
INSERT INTO PARTY_TYPE (PARTY_TYPE_ID, HAS_TABLE, PARENT_TYPE_ID) VALUES ('LEGAL_ORGANIZATION', 'N', 'ORGANIZATION');
INSERT INTO PARTY_TYPE (PARTY_TYPE_ID, HAS_TABLE, PARENT_TYPE_ID) VALUES ('INFORMAL_ORGANIZATION', 'N', 'ORGANIZATION');
INSERT INTO PARTY_TYPE (PARTY_TYPE_ID, HAS_TABLE, PARENT_TYPE_ID) VALUES ('FAMILY', 'N', 'INFORMAL_ORGANIZATION');
INSERT INTO PARTY_TYPE (PARTY_TYPE_ID, HAS_TABLE, PARENT_TYPE_ID) VALUES ('CORPORATION', 'N', 'LEGAL_ORGANIZATION');
INSERT INTO PARTY_TYPE (PARTY_TYPE_ID, HAS_TABLE, PARENT_TYPE_ID) VALUES ('GOVERNMENT_AGENCY', 'N', 'LEGAL_ORGANIZATION');
INSERT INTO PARTY_TYPE (PARTY_TYPE_ID, HAS_TABLE, PARENT_TYPE_ID) VALUES ('TEAM', 'N', 'INFORMAL_ORGANIZATION');
-- --
INSERT INTO PARTY_TYPE (PARTY_TYPE_ID, HAS_TABLE, PARENT_TYPE_ID) VALUES ('AUTOMATED_AGENT', 'N', '');

-- Party Type Attr
INSERT INTO PARTY_TYPE_ATTR (PARTY_TYPE_ID, NAME) VALUES ('LEGAL_ORGANIZATION', 'FEDERAL_TAX_ID_NUM');
INSERT INTO PARTY_TYPE_ATTR (PARTY_TYPE_ID, NAME) VALUES ('ORGANIZATION', 'NAME');

-- Party Role Type
INSERT INTO ROLE_TYPE (ROLE_TYPE_ID, HAS_TABLE, PARENT_TYPE_ID) VALUES ('PROSPECT', 'N', '');
INSERT INTO ROLE_TYPE (ROLE_TYPE_ID, HAS_TABLE, PARENT_TYPE_ID) VALUES ('SHAREHOLDER', 'N', '');

INSERT INTO ROLE_TYPE (ROLE_TYPE_ID, HAS_TABLE, PARENT_TYPE_ID) VALUES ('PERSON_ROLE', 'N', '');
INSERT INTO ROLE_TYPE (ROLE_TYPE_ID, HAS_TABLE, PARENT_TYPE_ID) VALUES ('EMPLOYEE', 'N', 'PERSON_ROLE');
INSERT INTO ROLE_TYPE (ROLE_TYPE_ID, HAS_TABLE, PARENT_TYPE_ID) VALUES ('CONTRACTOR', 'N', 'PERSON_ROLE');
INSERT INTO ROLE_TYPE (ROLE_TYPE_ID, HAS_TABLE, PARENT_TYPE_ID) VALUES ('CONTACT', 'N', 'PERSON_ROLE');
INSERT INTO ROLE_TYPE (ROLE_TYPE_ID, HAS_TABLE, PARENT_TYPE_ID) VALUES ('FAMILY_MEMBER', 'N', 'PERSON_ROLE');

INSERT INTO ROLE_TYPE (ROLE_TYPE_ID, HAS_TABLE, PARENT_TYPE_ID) VALUES ('CUSTOMER', 'Y', '');
INSERT INTO ROLE_TYPE (ROLE_TYPE_ID, HAS_TABLE, PARENT_TYPE_ID) VALUES ('END_USER_CUSTOMER', 'N', 'CUSTOMER');
INSERT INTO ROLE_TYPE (ROLE_TYPE_ID, HAS_TABLE, PARENT_TYPE_ID) VALUES ('SHIP_TO_CUSTOMER', 'N', 'CUSTOMER');
INSERT INTO ROLE_TYPE (ROLE_TYPE_ID, HAS_TABLE, PARENT_TYPE_ID) VALUES ('BILL_TO_CUSTOMER', 'N', 'CUSTOMER');

INSERT INTO ROLE_TYPE (ROLE_TYPE_ID, HAS_TABLE, PARENT_TYPE_ID) VALUES ('ORGANIZATION_ROLE', 'N', '');
INSERT INTO ROLE_TYPE (ROLE_TYPE_ID, HAS_TABLE, PARENT_TYPE_ID) VALUES ('PARTNER', 'N', 'ORGANIZATION_ROLE');
INSERT INTO ROLE_TYPE (ROLE_TYPE_ID, HAS_TABLE, PARENT_TYPE_ID) VALUES ('SUPPLIER', 'N', 'ORGANIZATION_ROLE');
INSERT INTO ROLE_TYPE (ROLE_TYPE_ID, HAS_TABLE, PARENT_TYPE_ID) VALUES ('COMPETITOR', 'N', 'ORGANIZATION_ROLE');
INSERT INTO ROLE_TYPE (ROLE_TYPE_ID, HAS_TABLE, PARENT_TYPE_ID) VALUES ('HOUSEHOLD', 'N', 'ORGANIZATION_ROLE');
INSERT INTO ROLE_TYPE (ROLE_TYPE_ID, HAS_TABLE, PARENT_TYPE_ID) VALUES ('ASSOCIATION', 'N', 'ORGANIZATION_ROLE');
INSERT INTO ROLE_TYPE (ROLE_TYPE_ID, HAS_TABLE, PARENT_TYPE_ID) VALUES ('REGULATORY_AGENCY', 'N', 'ORGANIZATION_ROLE');
INSERT INTO ROLE_TYPE (ROLE_TYPE_ID, HAS_TABLE, PARENT_TYPE_ID) VALUES ('INTERNAL_ORGANIZATION', 'Y', 'ORGANIZATION_ROLE');

INSERT INTO ROLE_TYPE (ROLE_TYPE_ID, HAS_TABLE, PARENT_TYPE_ID) VALUES ('DISTRIBUTION_CHANNEL', 'N', 'ORGANIZATION_ROLE');
INSERT INTO ROLE_TYPE (ROLE_TYPE_ID, HAS_TABLE, PARENT_TYPE_ID) VALUES ('DISTRIBUTOR', 'N', 'DISTRIBUTION_CHANNEL');
INSERT INTO ROLE_TYPE (ROLE_TYPE_ID, HAS_TABLE, PARENT_TYPE_ID) VALUES ('AGENT', 'N', 'DISTRIBUTION_CHANNEL');

INSERT INTO ROLE_TYPE (ROLE_TYPE_ID, HAS_TABLE, PARENT_TYPE_ID) VALUES ('ORGANIZATION_UNIT', 'N', 'ORGANIZATION_ROLE');
INSERT INTO ROLE_TYPE (ROLE_TYPE_ID, HAS_TABLE, PARENT_TYPE_ID) VALUES ('OTHER_ORGANIZATION_UNIT', 'N', 'ORGANIZATION_UNIT');
INSERT INTO ROLE_TYPE (ROLE_TYPE_ID, HAS_TABLE, PARENT_TYPE_ID) VALUES ('PARENT_ORGANIZATION', 'N', 'ORGANIZATION_UNIT');
INSERT INTO ROLE_TYPE (ROLE_TYPE_ID, HAS_TABLE, PARENT_TYPE_ID) VALUES ('DEPARTMENT', 'N', 'ORGANIZATION_UNIT');
INSERT INTO ROLE_TYPE (ROLE_TYPE_ID, HAS_TABLE, PARENT_TYPE_ID) VALUES ('DIVISION', 'N', 'ORGANIZATION_UNIT');
INSERT INTO ROLE_TYPE (ROLE_TYPE_ID, HAS_TABLE, PARENT_TYPE_ID) VALUES ('SUBSIDIARY', 'N', 'ORGANIZATION_UNIT');

INSERT INTO ROLE_TYPE (ROLE_TYPE_ID, HAS_TABLE, PARENT_TYPE_ID) VALUES ('CARRIER', 'N', '');
INSERT INTO ROLE_TYPE (ROLE_TYPE_ID, HAS_TABLE, PARENT_TYPE_ID) VALUES ('MANAGER', 'N', '');
INSERT INTO ROLE_TYPE (ROLE_TYPE_ID, HAS_TABLE, PARENT_TYPE_ID) VALUES ('OTHER_INTERNAL_ORGANIZATION', 'N', '');
INSERT INTO ROLE_TYPE (ROLE_TYPE_ID, HAS_TABLE, PARENT_TYPE_ID) VALUES ('UNION', 'N', '');
INSERT INTO ROLE_TYPE (ROLE_TYPE_ID, HAS_TABLE, PARENT_TYPE_ID) VALUES ('WORKER', 'N', '');
-- --
INSERT INTO ROLE_TYPE (ROLE_TYPE_ID, HAS_TABLE, PARENT_TYPE_ID) VALUES ('AUTOMATED_AGENT_ROLE', 'N', '');
INSERT INTO ROLE_TYPE (ROLE_TYPE_ID, HAS_TABLE, PARENT_TYPE_ID) VALUES ('CONSUMER', 'N', '');
INSERT INTO ROLE_TYPE (ROLE_TYPE_ID, HAS_TABLE, PARENT_TYPE_ID) VALUES ('HOSTING_SERVER', 'N', '');
INSERT INTO ROLE_TYPE (ROLE_TYPE_ID, HAS_TABLE, PARENT_TYPE_ID) VALUES ('ISP', 'N', '');
INSERT INTO ROLE_TYPE (ROLE_TYPE_ID, HAS_TABLE, PARENT_TYPE_ID) VALUES ('REFERRER', 'N', '');
INSERT INTO ROLE_TYPE (ROLE_TYPE_ID, HAS_TABLE, PARENT_TYPE_ID) VALUES ('SUBSCRIBER', 'N', '');
INSERT INTO ROLE_TYPE (ROLE_TYPE_ID, HAS_TABLE, PARENT_TYPE_ID) VALUES ('VISITOR', 'N', '');
INSERT INTO ROLE_TYPE (ROLE_TYPE_ID, HAS_TABLE, PARENT_TYPE_ID) VALUES ('WEB_MASTER', 'N', '');

-- Party Classification Type
INSERT INTO PARTY_CLASSIFICATION_TYPE (PARTY_CLASSIFICATION_TYPE_ID, HAS_TABLE, PARENT_TYPE_ID) VALUES ('EEOC_CLASSIFICATION', 'N', '');
INSERT INTO PARTY_CLASSIFICATION_TYPE (PARTY_CLASSIFICATION_TYPE_ID, HAS_TABLE, PARENT_TYPE_ID) VALUES ('MINORITY_CLASSIFICATION', 'N', '');
INSERT INTO PARTY_CLASSIFICATION_TYPE (PARTY_CLASSIFICATION_TYPE_ID, HAS_TABLE, PARENT_TYPE_ID) VALUES ('INCOME_CLASSIFICATION', 'N', '');
INSERT INTO PARTY_CLASSIFICATION_TYPE (PARTY_CLASSIFICATION_TYPE_ID, HAS_TABLE, PARENT_TYPE_ID) VALUES ('INDUSTRY_CLASSIFICATION', 'N', '');
INSERT INTO PARTY_CLASSIFICATION_TYPE (PARTY_CLASSIFICATION_TYPE_ID, HAS_TABLE, PARENT_TYPE_ID) VALUES ('ORGANIZATION_CLASSIFICATION', 'N', '');
INSERT INTO PARTY_CLASSIFICATION_TYPE (PARTY_CLASSIFICATION_TYPE_ID, HAS_TABLE, PARENT_TYPE_ID) VALUES ('PERSON_CLASSIFICATION', 'N', '');
INSERT INTO PARTY_CLASSIFICATION_TYPE (PARTY_CLASSIFICATION_TYPE_ID, HAS_TABLE, PARENT_TYPE_ID) VALUES ('SIZE_CLASSIFICATION', 'N', '');

-- Product Type
INSERT INTO PRODUCT_TYPE (PRODUCT_TYPE_ID, HAS_TABLE, PARENT_TYPE_ID) VALUES ('SERVICE', 'N', 'NONE');
INSERT INTO PRODUCT_TYPE (PRODUCT_TYPE_ID, HAS_TABLE, PARENT_TYPE_ID) VALUES ('GOOD', 'N', 'NONE');
INSERT INTO PRODUCT_TYPE (PRODUCT_TYPE_ID, HAS_TABLE, PARENT_TYPE_ID) VALUES ('RAW_MATERIAL', 'N', 'GOOD');
INSERT INTO PRODUCT_TYPE (PRODUCT_TYPE_ID, HAS_TABLE, PARENT_TYPE_ID) VALUES ('SUBASSEMBLY', 'N', 'GOOD');
INSERT INTO PRODUCT_TYPE (PRODUCT_TYPE_ID, HAS_TABLE, PARENT_TYPE_ID) VALUES ('FINISHED_GOOD', 'N', 'GOOD');

-- Product Feature Type
INSERT INTO PRODUCT_FEATURE_TYPE (PRODUCT_FEATURE_TYPE_ID, HAS_TABLE, PARENT_TYPE_ID) VALUES ('BILLING_FEATURE', 'N', '');
INSERT INTO PRODUCT_FEATURE_TYPE (PRODUCT_FEATURE_TYPE_ID, HAS_TABLE, PARENT_TYPE_ID) VALUES ('BRAND', 'N', '');
INSERT INTO PRODUCT_FEATURE_TYPE (PRODUCT_FEATURE_TYPE_ID, HAS_TABLE, PARENT_TYPE_ID) VALUES ('COLOR', 'N', '');
INSERT INTO PRODUCT_FEATURE_TYPE (PRODUCT_FEATURE_TYPE_ID, HAS_TABLE, PARENT_TYPE_ID) VALUES ('HARDWARE_FEATURE', 'N', '');
INSERT INTO PRODUCT_FEATURE_TYPE (PRODUCT_FEATURE_TYPE_ID, HAS_TABLE, PARENT_TYPE_ID) VALUES ('OTHER_FEATURE', 'N', '');
INSERT INTO PRODUCT_FEATURE_TYPE (PRODUCT_FEATURE_TYPE_ID, HAS_TABLE, PARENT_TYPE_ID) VALUES ('PRODUCT_QUALITY', 'N', '');
INSERT INTO PRODUCT_FEATURE_TYPE (PRODUCT_FEATURE_TYPE_ID, HAS_TABLE, PARENT_TYPE_ID) VALUES ('SIZE', 'N', '');
INSERT INTO PRODUCT_FEATURE_TYPE (PRODUCT_FEATURE_TYPE_ID, HAS_TABLE, PARENT_TYPE_ID) VALUES ('SOFTWARE_FEATURE', 'N', '');
INSERT INTO PRODUCT_FEATURE_TYPE (PRODUCT_FEATURE_TYPE_ID, HAS_TABLE, PARENT_TYPE_ID) VALUES ('DIMENSION', 'N', '');

-- Product Feature Interaction Type
INSERT INTO PRODUCT_FEATURE_IACTN_TYPE (PRODUCT_FEATURE_IACTN_TYPE_ID, HAS_TABLE, PARENT_TYPE_ID) VALUES ('FEATURE_IACTN_DEPENDENCY', 'N', '');
INSERT INTO PRODUCT_FEATURE_IACTN_TYPE (PRODUCT_FEATURE_IACTN_TYPE_ID, HAS_TABLE, PARENT_TYPE_ID) VALUES ('FEATURE_IACTN_INCOMPATIBILITY', 'N', '');

-- Product Feature Applicability Type
INSERT INTO PRODUCT_FEATURE_APPL_TYPE (PRODUCT_FEATURE_APPL_TYPE_ID, HAS_TABLE, PARENT_TYPE_ID) VALUES ('OPTIONAL_FEATURE', 'N', '');
INSERT INTO PRODUCT_FEATURE_APPL_TYPE (PRODUCT_FEATURE_APPL_TYPE_ID, HAS_TABLE, PARENT_TYPE_ID) VALUES ('REQUIRED_FEATURE', 'N', '');
INSERT INTO PRODUCT_FEATURE_APPL_TYPE (PRODUCT_FEATURE_APPL_TYPE_ID, HAS_TABLE, PARENT_TYPE_ID) VALUES ('SELECTABLE_FEATURE', 'N', '');
INSERT INTO PRODUCT_FEATURE_APPL_TYPE (PRODUCT_FEATURE_APPL_TYPE_ID, HAS_TABLE, PARENT_TYPE_ID) VALUES ('STANDARD_FEATURE', 'N', '');

-- Product Category Type
INSERT INTO PRODUCT_CATEGORY_TYPE (PRODUCT_CATEGORY_TYPE_ID, HAS_TABLE, PARENT_TYPE_ID) VALUES ('PRODUCT_INDUSTRY_CATEGORIZATION', 'N', '');
INSERT INTO PRODUCT_CATEGORY_TYPE (PRODUCT_CATEGORY_TYPE_ID, HAS_TABLE, PARENT_TYPE_ID) VALUES ('PRODUCT_MATERIALS_CATEGORIZATION', 'N', '');
INSERT INTO PRODUCT_CATEGORY_TYPE (PRODUCT_CATEGORY_TYPE_ID, HAS_TABLE, PARENT_TYPE_ID) VALUES ('PRODUCT_USAGE_CATEGORIZATION', 'N', '');

-- Price Component Type
INSERT INTO PRICE_COMPONENT_TYPE (PRICE_COMPONENT_TYPE_ID, HAS_TABLE, PARENT_TYPE_ID) VALUES ('BASE_PRICE', 'N', '');
INSERT INTO PRICE_COMPONENT_TYPE (PRICE_COMPONENT_TYPE_ID, HAS_TABLE, PARENT_TYPE_ID) VALUES ('MANUFACTURER_SUGGESTED_PRICE', 'N', '');
INSERT INTO PRICE_COMPONENT_TYPE (PRICE_COMPONENT_TYPE_ID, HAS_TABLE, PARENT_TYPE_ID) VALUES ('ONE_TIME_CHARGE', 'N', '');
INSERT INTO PRICE_COMPONENT_TYPE (PRICE_COMPONENT_TYPE_ID, HAS_TABLE, PARENT_TYPE_ID) VALUES ('RECURRING_CHARGE', 'Y', '');
INSERT INTO PRICE_COMPONENT_TYPE (PRICE_COMPONENT_TYPE_ID, HAS_TABLE, PARENT_TYPE_ID) VALUES ('DISCOUNT_COMPONENT', 'N', '');
INSERT INTO PRICE_COMPONENT_TYPE (PRICE_COMPONENT_TYPE_ID, HAS_TABLE, PARENT_TYPE_ID) VALUES ('SURCHARGE_COMPONENT', 'N', '');
INSERT INTO PRICE_COMPONENT_TYPE (PRICE_COMPONENT_TYPE_ID, HAS_TABLE, PARENT_TYPE_ID) VALUES ('UTILIZATION_SURCHARGE', 'Y', '');

-- Estimated Product Cost Type
INSERT INTO COST_COMPONENT_TYPE (COST_COMPONENT_TYPE_ID, HAS_TABLE, PARENT_TYPE_ID) VALUES ('ESTIMATED_LABOR_COST', 'N', '');
INSERT INTO COST_COMPONENT_TYPE (COST_COMPONENT_TYPE_ID, HAS_TABLE, PARENT_TYPE_ID) VALUES ('ESTIMATED_MATERIALS_COST', 'N', '');
INSERT INTO COST_COMPONENT_TYPE (COST_COMPONENT_TYPE_ID, HAS_TABLE, PARENT_TYPE_ID) VALUES ('ESTIMATED_OTHER_COSTS', 'N', '');

-- Good Identification Type
INSERT INTO GOOD_IDENTIFICATION_TYPE (GOOD_IDENTIFICATION_TYPE_ID, HAS_TABLE, PARENT_TYPE_ID) VALUES ('ISBN', 'N', '');
INSERT INTO GOOD_IDENTIFICATION_TYPE (GOOD_IDENTIFICATION_TYPE_ID, HAS_TABLE, PARENT_TYPE_ID) VALUES ('MANUFACTURER_ID_NO', 'N', '');
INSERT INTO GOOD_IDENTIFICATION_TYPE (GOOD_IDENTIFICATION_TYPE_ID, HAS_TABLE, PARENT_TYPE_ID) VALUES ('OTHER_ID', 'N', '');
INSERT INTO GOOD_IDENTIFICATION_TYPE (GOOD_IDENTIFICATION_TYPE_ID, HAS_TABLE, PARENT_TYPE_ID) VALUES ('SKU', 'N', '');
INSERT INTO GOOD_IDENTIFICATION_TYPE (GOOD_IDENTIFICATION_TYPE_ID, HAS_TABLE, PARENT_TYPE_ID) VALUES ('UPCA', 'N', '');
INSERT INTO GOOD_IDENTIFICATION_TYPE (GOOD_IDENTIFICATION_TYPE_ID, HAS_TABLE, PARENT_TYPE_ID) VALUES ('UPCE', 'N', '');

-- Product Association Type
INSERT INTO PRODUCT_ASSOC_TYPE (PRODUCT_ASSOC_TYPE_ID, HAS_TABLE, PARENT_TYPE_ID) VALUES ('PRODUCT_COMPLEMENT', 'N', '');
INSERT INTO PRODUCT_ASSOC_TYPE (PRODUCT_ASSOC_TYPE_ID, HAS_TABLE, PARENT_TYPE_ID) VALUES ('PRODUCT_INCOMPATABILITY', 'N', '');
INSERT INTO PRODUCT_ASSOC_TYPE (PRODUCT_ASSOC_TYPE_ID, HAS_TABLE, PARENT_TYPE_ID) VALUES ('PRODUCT_OBSOLESCENCE', 'N', '');
INSERT INTO PRODUCT_ASSOC_TYPE (PRODUCT_ASSOC_TYPE_ID, HAS_TABLE, PARENT_TYPE_ID) VALUES ('MARKETING_PACKAGE', 'N', '');
INSERT INTO PRODUCT_ASSOC_TYPE (PRODUCT_ASSOC_TYPE_ID, HAS_TABLE, PARENT_TYPE_ID) VALUES ('PRODUCT_COMPONENT', 'N', '');
INSERT INTO PRODUCT_ASSOC_TYPE (PRODUCT_ASSOC_TYPE_ID, HAS_TABLE, PARENT_TYPE_ID) VALUES ('PRODUCT_SUBSTITUTE', 'N', '');

-- Inventory Item Type
INSERT INTO INVENTORY_ITEM_TYPE (INVENTORY_ITEM_TYPE_ID, HAS_TABLE, PARENT_TYPE_ID) VALUES ('SERIALIZED_INVENTORY_ITEM', 'N', '');
INSERT INTO INVENTORY_ITEM_TYPE (INVENTORY_ITEM_TYPE_ID, HAS_TABLE, PARENT_TYPE_ID) VALUES ('NON_SERIALIZED_INVENTORY_ITEM', 'N', '');

-- Facility Type
INSERT INTO FACILITY_TYPE (FACILITY_TYPE_ID, HAS_TABLE, PARENT_TYPE_ID) VALUES ('OFFICE', 'N', '');
INSERT INTO FACILITY_TYPE (FACILITY_TYPE_ID, HAS_TABLE, PARENT_TYPE_ID) VALUES ('ROOM', 'N', '');
INSERT INTO FACILITY_TYPE (FACILITY_TYPE_ID, HAS_TABLE, PARENT_TYPE_ID) VALUES ('PLANT', 'N', '');
INSERT INTO FACILITY_TYPE (FACILITY_TYPE_ID, HAS_TABLE, PARENT_TYPE_ID) VALUES ('FLOOR', 'N', '');
INSERT INTO FACILITY_TYPE (FACILITY_TYPE_ID, HAS_TABLE, PARENT_TYPE_ID) VALUES ('BUILDING', 'N', '');
INSERT INTO FACILITY_TYPE (FACILITY_TYPE_ID, HAS_TABLE, PARENT_TYPE_ID) VALUES ('WAREHOUSE', 'N', '');

-- -- END Copied from datamodel-data.sql

-- Begin Generated Section --
INSERT INTO SECURITY_PERMISSION (PERMISSION_ID,DESCRIPTION) VALUES ('GEO_ADMIN','Permission to Administer a Geo entity.');
INSERT INTO SECURITY_PERMISSION (PERMISSION_ID,DESCRIPTION) VALUES ('GEO_VIEW','Permission to View a Geo entity.');
INSERT INTO SECURITY_PERMISSION (PERMISSION_ID,DESCRIPTION) VALUES ('GEO_CREATE','Permission to Create a Geo entity.');
INSERT INTO SECURITY_PERMISSION (PERMISSION_ID,DESCRIPTION) VALUES ('GEO_UPDATE','Permission to Update a Geo entity.');
INSERT INTO SECURITY_PERMISSION (PERMISSION_ID,DESCRIPTION) VALUES ('GEO_DELETE','Permission to Delete a Geo entity.');

INSERT INTO SECURITY_GROUP_PERMISSION (GROUP_ID,PERMISSION_ID) VALUES ('FULLADMIN','GEO_ADMIN');
INSERT INTO SECURITY_GROUP_PERMISSION (GROUP_ID,PERMISSION_ID) VALUES ('FLEXADMIN','GEO_VIEW');
INSERT INTO SECURITY_GROUP_PERMISSION (GROUP_ID,PERMISSION_ID) VALUES ('FLEXADMIN','GEO_CREATE');
INSERT INTO SECURITY_GROUP_PERMISSION (GROUP_ID,PERMISSION_ID) VALUES ('FLEXADMIN','GEO_UPDATE');
INSERT INTO SECURITY_GROUP_PERMISSION (GROUP_ID,PERMISSION_ID) VALUES ('FLEXADMIN','GEO_DELETE');

INSERT INTO SECURITY_PERMISSION (PERMISSION_ID,DESCRIPTION) VALUES ('GEO_TYPE_ADMIN','Permission to Administer a GeoType entity.');
INSERT INTO SECURITY_PERMISSION (PERMISSION_ID,DESCRIPTION) VALUES ('GEO_TYPE_VIEW','Permission to View a GeoType entity.');
INSERT INTO SECURITY_PERMISSION (PERMISSION_ID,DESCRIPTION) VALUES ('GEO_TYPE_CREATE','Permission to Create a GeoType entity.');
INSERT INTO SECURITY_PERMISSION (PERMISSION_ID,DESCRIPTION) VALUES ('GEO_TYPE_UPDATE','Permission to Update a GeoType entity.');
INSERT INTO SECURITY_PERMISSION (PERMISSION_ID,DESCRIPTION) VALUES ('GEO_TYPE_DELETE','Permission to Delete a GeoType entity.');

INSERT INTO SECURITY_GROUP_PERMISSION (GROUP_ID,PERMISSION_ID) VALUES ('FULLADMIN','GEO_TYPE_ADMIN');
INSERT INTO SECURITY_GROUP_PERMISSION (GROUP_ID,PERMISSION_ID) VALUES ('FLEXADMIN','GEO_TYPE_VIEW');
INSERT INTO SECURITY_GROUP_PERMISSION (GROUP_ID,PERMISSION_ID) VALUES ('FLEXADMIN','GEO_TYPE_CREATE');
INSERT INTO SECURITY_GROUP_PERMISSION (GROUP_ID,PERMISSION_ID) VALUES ('FLEXADMIN','GEO_TYPE_UPDATE');
INSERT INTO SECURITY_GROUP_PERMISSION (GROUP_ID,PERMISSION_ID) VALUES ('FLEXADMIN','GEO_TYPE_DELETE');

INSERT INTO SECURITY_PERMISSION (PERMISSION_ID,DESCRIPTION) VALUES ('GEO_ASSOC_ADMIN','Permission to Administer a GeoAssoc entity.');
INSERT INTO SECURITY_PERMISSION (PERMISSION_ID,DESCRIPTION) VALUES ('GEO_ASSOC_VIEW','Permission to View a GeoAssoc entity.');
INSERT INTO SECURITY_PERMISSION (PERMISSION_ID,DESCRIPTION) VALUES ('GEO_ASSOC_CREATE','Permission to Create a GeoAssoc entity.');
INSERT INTO SECURITY_PERMISSION (PERMISSION_ID,DESCRIPTION) VALUES ('GEO_ASSOC_UPDATE','Permission to Update a GeoAssoc entity.');
INSERT INTO SECURITY_PERMISSION (PERMISSION_ID,DESCRIPTION) VALUES ('GEO_ASSOC_DELETE','Permission to Delete a GeoAssoc entity.');

INSERT INTO SECURITY_GROUP_PERMISSION (GROUP_ID,PERMISSION_ID) VALUES ('FULLADMIN','GEO_ASSOC_ADMIN');
INSERT INTO SECURITY_GROUP_PERMISSION (GROUP_ID,PERMISSION_ID) VALUES ('FLEXADMIN','GEO_ASSOC_VIEW');
INSERT INTO SECURITY_GROUP_PERMISSION (GROUP_ID,PERMISSION_ID) VALUES ('FLEXADMIN','GEO_ASSOC_CREATE');
INSERT INTO SECURITY_GROUP_PERMISSION (GROUP_ID,PERMISSION_ID) VALUES ('FLEXADMIN','GEO_ASSOC_UPDATE');
INSERT INTO SECURITY_GROUP_PERMISSION (GROUP_ID,PERMISSION_ID) VALUES ('FLEXADMIN','GEO_ASSOC_DELETE');

INSERT INTO SECURITY_PERMISSION (PERMISSION_ID,DESCRIPTION) VALUES ('GEO_ASSOC_TYPE_ADMIN','Permission to Administer a GeoAssocType entity.');
INSERT INTO SECURITY_PERMISSION (PERMISSION_ID,DESCRIPTION) VALUES ('GEO_ASSOC_TYPE_VIEW','Permission to View a GeoAssocType entity.');
INSERT INTO SECURITY_PERMISSION (PERMISSION_ID,DESCRIPTION) VALUES ('GEO_ASSOC_TYPE_CREATE','Permission to Create a GeoAssocType entity.');
INSERT INTO SECURITY_PERMISSION (PERMISSION_ID,DESCRIPTION) VALUES ('GEO_ASSOC_TYPE_UPDATE','Permission to Update a GeoAssocType entity.');
INSERT INTO SECURITY_PERMISSION (PERMISSION_ID,DESCRIPTION) VALUES ('GEO_ASSOC_TYPE_DELETE','Permission to Delete a GeoAssocType entity.');

INSERT INTO SECURITY_GROUP_PERMISSION (GROUP_ID,PERMISSION_ID) VALUES ('FULLADMIN','GEO_ASSOC_TYPE_ADMIN');
INSERT INTO SECURITY_GROUP_PERMISSION (GROUP_ID,PERMISSION_ID) VALUES ('FLEXADMIN','GEO_ASSOC_TYPE_VIEW');
INSERT INTO SECURITY_GROUP_PERMISSION (GROUP_ID,PERMISSION_ID) VALUES ('FLEXADMIN','GEO_ASSOC_TYPE_CREATE');
INSERT INTO SECURITY_GROUP_PERMISSION (GROUP_ID,PERMISSION_ID) VALUES ('FLEXADMIN','GEO_ASSOC_TYPE_UPDATE');
INSERT INTO SECURITY_GROUP_PERMISSION (GROUP_ID,PERMISSION_ID) VALUES ('FLEXADMIN','GEO_ASSOC_TYPE_DELETE');

INSERT INTO SECURITY_PERMISSION (PERMISSION_ID,DESCRIPTION) VALUES ('PERIOD_TYPE_ADMIN','Permission to Administer a PeriodType entity.');
INSERT INTO SECURITY_PERMISSION (PERMISSION_ID,DESCRIPTION) VALUES ('PERIOD_TYPE_VIEW','Permission to View a PeriodType entity.');
INSERT INTO SECURITY_PERMISSION (PERMISSION_ID,DESCRIPTION) VALUES ('PERIOD_TYPE_CREATE','Permission to Create a PeriodType entity.');
INSERT INTO SECURITY_PERMISSION (PERMISSION_ID,DESCRIPTION) VALUES ('PERIOD_TYPE_UPDATE','Permission to Update a PeriodType entity.');
INSERT INTO SECURITY_PERMISSION (PERMISSION_ID,DESCRIPTION) VALUES ('PERIOD_TYPE_DELETE','Permission to Delete a PeriodType entity.');

INSERT INTO SECURITY_GROUP_PERMISSION (GROUP_ID,PERMISSION_ID) VALUES ('FULLADMIN','PERIOD_TYPE_ADMIN');
INSERT INTO SECURITY_GROUP_PERMISSION (GROUP_ID,PERMISSION_ID) VALUES ('FLEXADMIN','PERIOD_TYPE_VIEW');
INSERT INTO SECURITY_GROUP_PERMISSION (GROUP_ID,PERMISSION_ID) VALUES ('FLEXADMIN','PERIOD_TYPE_CREATE');
INSERT INTO SECURITY_GROUP_PERMISSION (GROUP_ID,PERMISSION_ID) VALUES ('FLEXADMIN','PERIOD_TYPE_UPDATE');
INSERT INTO SECURITY_GROUP_PERMISSION (GROUP_ID,PERMISSION_ID) VALUES ('FLEXADMIN','PERIOD_TYPE_DELETE');

INSERT INTO SECURITY_PERMISSION (PERMISSION_ID,DESCRIPTION) VALUES ('STANDARD_TIME_PERIOD_ADMIN','Permission to Administer a StandardTimePeriod entity.');
INSERT INTO SECURITY_PERMISSION (PERMISSION_ID,DESCRIPTION) VALUES ('STANDARD_TIME_PERIOD_VIEW','Permission to View a StandardTimePeriod entity.');
INSERT INTO SECURITY_PERMISSION (PERMISSION_ID,DESCRIPTION) VALUES ('STANDARD_TIME_PERIOD_CREATE','Permission to Create a StandardTimePeriod entity.');
INSERT INTO SECURITY_PERMISSION (PERMISSION_ID,DESCRIPTION) VALUES ('STANDARD_TIME_PERIOD_UPDATE','Permission to Update a StandardTimePeriod entity.');
INSERT INTO SECURITY_PERMISSION (PERMISSION_ID,DESCRIPTION) VALUES ('STANDARD_TIME_PERIOD_DELETE','Permission to Delete a StandardTimePeriod entity.');

INSERT INTO SECURITY_GROUP_PERMISSION (GROUP_ID,PERMISSION_ID) VALUES ('FULLADMIN','STANDARD_TIME_PERIOD_ADMIN');
INSERT INTO SECURITY_GROUP_PERMISSION (GROUP_ID,PERMISSION_ID) VALUES ('FLEXADMIN','STANDARD_TIME_PERIOD_VIEW');
INSERT INTO SECURITY_GROUP_PERMISSION (GROUP_ID,PERMISSION_ID) VALUES ('FLEXADMIN','STANDARD_TIME_PERIOD_CREATE');
INSERT INTO SECURITY_GROUP_PERMISSION (GROUP_ID,PERMISSION_ID) VALUES ('FLEXADMIN','STANDARD_TIME_PERIOD_UPDATE');
INSERT INTO SECURITY_GROUP_PERMISSION (GROUP_ID,PERMISSION_ID) VALUES ('FLEXADMIN','STANDARD_TIME_PERIOD_DELETE');

INSERT INTO SECURITY_PERMISSION (PERMISSION_ID,DESCRIPTION) VALUES ('STATUS_ADMIN','Permission to Administer a Status entity.');
INSERT INTO SECURITY_PERMISSION (PERMISSION_ID,DESCRIPTION) VALUES ('STATUS_VIEW','Permission to View a Status entity.');
INSERT INTO SECURITY_PERMISSION (PERMISSION_ID,DESCRIPTION) VALUES ('STATUS_CREATE','Permission to Create a Status entity.');
INSERT INTO SECURITY_PERMISSION (PERMISSION_ID,DESCRIPTION) VALUES ('STATUS_UPDATE','Permission to Update a Status entity.');
INSERT INTO SECURITY_PERMISSION (PERMISSION_ID,DESCRIPTION) VALUES ('STATUS_DELETE','Permission to Delete a Status entity.');

INSERT INTO SECURITY_GROUP_PERMISSION (GROUP_ID,PERMISSION_ID) VALUES ('FULLADMIN','STATUS_ADMIN');
INSERT INTO SECURITY_GROUP_PERMISSION (GROUP_ID,PERMISSION_ID) VALUES ('FLEXADMIN','STATUS_VIEW');
INSERT INTO SECURITY_GROUP_PERMISSION (GROUP_ID,PERMISSION_ID) VALUES ('FLEXADMIN','STATUS_CREATE');
INSERT INTO SECURITY_GROUP_PERMISSION (GROUP_ID,PERMISSION_ID) VALUES ('FLEXADMIN','STATUS_UPDATE');
INSERT INTO SECURITY_GROUP_PERMISSION (GROUP_ID,PERMISSION_ID) VALUES ('FLEXADMIN','STATUS_DELETE');

INSERT INTO SECURITY_PERMISSION (PERMISSION_ID,DESCRIPTION) VALUES ('STATUS_TYPE_ADMIN','Permission to Administer a StatusType entity.');
INSERT INTO SECURITY_PERMISSION (PERMISSION_ID,DESCRIPTION) VALUES ('STATUS_TYPE_VIEW','Permission to View a StatusType entity.');
INSERT INTO SECURITY_PERMISSION (PERMISSION_ID,DESCRIPTION) VALUES ('STATUS_TYPE_CREATE','Permission to Create a StatusType entity.');
INSERT INTO SECURITY_PERMISSION (PERMISSION_ID,DESCRIPTION) VALUES ('STATUS_TYPE_UPDATE','Permission to Update a StatusType entity.');
INSERT INTO SECURITY_PERMISSION (PERMISSION_ID,DESCRIPTION) VALUES ('STATUS_TYPE_DELETE','Permission to Delete a StatusType entity.');

INSERT INTO SECURITY_GROUP_PERMISSION (GROUP_ID,PERMISSION_ID) VALUES ('FULLADMIN','STATUS_TYPE_ADMIN');
INSERT INTO SECURITY_GROUP_PERMISSION (GROUP_ID,PERMISSION_ID) VALUES ('FLEXADMIN','STATUS_TYPE_VIEW');
INSERT INTO SECURITY_GROUP_PERMISSION (GROUP_ID,PERMISSION_ID) VALUES ('FLEXADMIN','STATUS_TYPE_CREATE');
INSERT INTO SECURITY_GROUP_PERMISSION (GROUP_ID,PERMISSION_ID) VALUES ('FLEXADMIN','STATUS_TYPE_UPDATE');
INSERT INTO SECURITY_GROUP_PERMISSION (GROUP_ID,PERMISSION_ID) VALUES ('FLEXADMIN','STATUS_TYPE_DELETE');

INSERT INTO SECURITY_PERMISSION (PERMISSION_ID,DESCRIPTION) VALUES ('UOM_ADMIN','Permission to Administer a Uom entity.');
INSERT INTO SECURITY_PERMISSION (PERMISSION_ID,DESCRIPTION) VALUES ('UOM_VIEW','Permission to View a Uom entity.');
INSERT INTO SECURITY_PERMISSION (PERMISSION_ID,DESCRIPTION) VALUES ('UOM_CREATE','Permission to Create a Uom entity.');
INSERT INTO SECURITY_PERMISSION (PERMISSION_ID,DESCRIPTION) VALUES ('UOM_UPDATE','Permission to Update a Uom entity.');
INSERT INTO SECURITY_PERMISSION (PERMISSION_ID,DESCRIPTION) VALUES ('UOM_DELETE','Permission to Delete a Uom entity.');

INSERT INTO SECURITY_GROUP_PERMISSION (GROUP_ID,PERMISSION_ID) VALUES ('FULLADMIN','UOM_ADMIN');
INSERT INTO SECURITY_GROUP_PERMISSION (GROUP_ID,PERMISSION_ID) VALUES ('FLEXADMIN','UOM_VIEW');
INSERT INTO SECURITY_GROUP_PERMISSION (GROUP_ID,PERMISSION_ID) VALUES ('FLEXADMIN','UOM_CREATE');
INSERT INTO SECURITY_GROUP_PERMISSION (GROUP_ID,PERMISSION_ID) VALUES ('FLEXADMIN','UOM_UPDATE');
INSERT INTO SECURITY_GROUP_PERMISSION (GROUP_ID,PERMISSION_ID) VALUES ('FLEXADMIN','UOM_DELETE');

INSERT INTO SECURITY_PERMISSION (PERMISSION_ID,DESCRIPTION) VALUES ('UOM_TYPE_ADMIN','Permission to Administer a UomType entity.');
INSERT INTO SECURITY_PERMISSION (PERMISSION_ID,DESCRIPTION) VALUES ('UOM_TYPE_VIEW','Permission to View a UomType entity.');
INSERT INTO SECURITY_PERMISSION (PERMISSION_ID,DESCRIPTION) VALUES ('UOM_TYPE_CREATE','Permission to Create a UomType entity.');
INSERT INTO SECURITY_PERMISSION (PERMISSION_ID,DESCRIPTION) VALUES ('UOM_TYPE_UPDATE','Permission to Update a UomType entity.');
INSERT INTO SECURITY_PERMISSION (PERMISSION_ID,DESCRIPTION) VALUES ('UOM_TYPE_DELETE','Permission to Delete a UomType entity.');

INSERT INTO SECURITY_GROUP_PERMISSION (GROUP_ID,PERMISSION_ID) VALUES ('FULLADMIN','UOM_TYPE_ADMIN');
INSERT INTO SECURITY_GROUP_PERMISSION (GROUP_ID,PERMISSION_ID) VALUES ('FLEXADMIN','UOM_TYPE_VIEW');
INSERT INTO SECURITY_GROUP_PERMISSION (GROUP_ID,PERMISSION_ID) VALUES ('FLEXADMIN','UOM_TYPE_CREATE');
INSERT INTO SECURITY_GROUP_PERMISSION (GROUP_ID,PERMISSION_ID) VALUES ('FLEXADMIN','UOM_TYPE_UPDATE');
INSERT INTO SECURITY_GROUP_PERMISSION (GROUP_ID,PERMISSION_ID) VALUES ('FLEXADMIN','UOM_TYPE_DELETE');

INSERT INTO SECURITY_PERMISSION (PERMISSION_ID,DESCRIPTION) VALUES ('UOM_CONVERSION_ADMIN','Permission to Administer a UomConversion entity.');
INSERT INTO SECURITY_PERMISSION (PERMISSION_ID,DESCRIPTION) VALUES ('UOM_CONVERSION_VIEW','Permission to View a UomConversion entity.');
INSERT INTO SECURITY_PERMISSION (PERMISSION_ID,DESCRIPTION) VALUES ('UOM_CONVERSION_CREATE','Permission to Create a UomConversion entity.');
INSERT INTO SECURITY_PERMISSION (PERMISSION_ID,DESCRIPTION) VALUES ('UOM_CONVERSION_UPDATE','Permission to Update a UomConversion entity.');
INSERT INTO SECURITY_PERMISSION (PERMISSION_ID,DESCRIPTION) VALUES ('UOM_CONVERSION_DELETE','Permission to Delete a UomConversion entity.');

INSERT INTO SECURITY_GROUP_PERMISSION (GROUP_ID,PERMISSION_ID) VALUES ('FULLADMIN','UOM_CONVERSION_ADMIN');
INSERT INTO SECURITY_GROUP_PERMISSION (GROUP_ID,PERMISSION_ID) VALUES ('FLEXADMIN','UOM_CONVERSION_VIEW');
INSERT INTO SECURITY_GROUP_PERMISSION (GROUP_ID,PERMISSION_ID) VALUES ('FLEXADMIN','UOM_CONVERSION_CREATE');
INSERT INTO SECURITY_GROUP_PERMISSION (GROUP_ID,PERMISSION_ID) VALUES ('FLEXADMIN','UOM_CONVERSION_UPDATE');
INSERT INTO SECURITY_GROUP_PERMISSION (GROUP_ID,PERMISSION_ID) VALUES ('FLEXADMIN','UOM_CONVERSION_DELETE');

INSERT INTO SECURITY_PERMISSION (PERMISSION_ID,DESCRIPTION) VALUES ('PARTY_ADMIN','Permission to Administer a Party entity.');
INSERT INTO SECURITY_PERMISSION (PERMISSION_ID,DESCRIPTION) VALUES ('PARTY_VIEW','Permission to View a Party entity.');
INSERT INTO SECURITY_PERMISSION (PERMISSION_ID,DESCRIPTION) VALUES ('PARTY_CREATE','Permission to Create a Party entity.');
INSERT INTO SECURITY_PERMISSION (PERMISSION_ID,DESCRIPTION) VALUES ('PARTY_UPDATE','Permission to Update a Party entity.');
INSERT INTO SECURITY_PERMISSION (PERMISSION_ID,DESCRIPTION) VALUES ('PARTY_DELETE','Permission to Delete a Party entity.');

INSERT INTO SECURITY_GROUP_PERMISSION (GROUP_ID,PERMISSION_ID) VALUES ('FULLADMIN','PARTY_ADMIN');
INSERT INTO SECURITY_GROUP_PERMISSION (GROUP_ID,PERMISSION_ID) VALUES ('FLEXADMIN','PARTY_VIEW');
INSERT INTO SECURITY_GROUP_PERMISSION (GROUP_ID,PERMISSION_ID) VALUES ('FLEXADMIN','PARTY_CREATE');
INSERT INTO SECURITY_GROUP_PERMISSION (GROUP_ID,PERMISSION_ID) VALUES ('FLEXADMIN','PARTY_UPDATE');
INSERT INTO SECURITY_GROUP_PERMISSION (GROUP_ID,PERMISSION_ID) VALUES ('FLEXADMIN','PARTY_DELETE');

INSERT INTO SECURITY_PERMISSION (PERMISSION_ID,DESCRIPTION) VALUES ('PARTY_CLASSIFICATION_ADMIN','Permission to Administer a PartyClassification entity.');
INSERT INTO SECURITY_PERMISSION (PERMISSION_ID,DESCRIPTION) VALUES ('PARTY_CLASSIFICATION_VIEW','Permission to View a PartyClassification entity.');
INSERT INTO SECURITY_PERMISSION (PERMISSION_ID,DESCRIPTION) VALUES ('PARTY_CLASSIFICATION_CREATE','Permission to Create a PartyClassification entity.');
INSERT INTO SECURITY_PERMISSION (PERMISSION_ID,DESCRIPTION) VALUES ('PARTY_CLASSIFICATION_UPDATE','Permission to Update a PartyClassification entity.');
INSERT INTO SECURITY_PERMISSION (PERMISSION_ID,DESCRIPTION) VALUES ('PARTY_CLASSIFICATION_DELETE','Permission to Delete a PartyClassification entity.');

INSERT INTO SECURITY_GROUP_PERMISSION (GROUP_ID,PERMISSION_ID) VALUES ('FULLADMIN','PARTY_CLASSIFICATION_ADMIN');
INSERT INTO SECURITY_GROUP_PERMISSION (GROUP_ID,PERMISSION_ID) VALUES ('FLEXADMIN','PARTY_CLASSIFICATION_VIEW');
INSERT INTO SECURITY_GROUP_PERMISSION (GROUP_ID,PERMISSION_ID) VALUES ('FLEXADMIN','PARTY_CLASSIFICATION_CREATE');
INSERT INTO SECURITY_GROUP_PERMISSION (GROUP_ID,PERMISSION_ID) VALUES ('FLEXADMIN','PARTY_CLASSIFICATION_UPDATE');
INSERT INTO SECURITY_GROUP_PERMISSION (GROUP_ID,PERMISSION_ID) VALUES ('FLEXADMIN','PARTY_CLASSIFICATION_DELETE');

INSERT INTO SECURITY_PERMISSION (PERMISSION_ID,DESCRIPTION) VALUES ('PARTY_CLASSIFICATION_TYPE_ADMIN','Permission to Administer a PartyClassificationType entity.');
INSERT INTO SECURITY_PERMISSION (PERMISSION_ID,DESCRIPTION) VALUES ('PARTY_CLASSIFICATION_TYPE_VIEW','Permission to View a PartyClassificationType entity.');
INSERT INTO SECURITY_PERMISSION (PERMISSION_ID,DESCRIPTION) VALUES ('PARTY_CLASSIFICATION_TYPE_CREATE','Permission to Create a PartyClassificationType entity.');
INSERT INTO SECURITY_PERMISSION (PERMISSION_ID,DESCRIPTION) VALUES ('PARTY_CLASSIFICATION_TYPE_UPDATE','Permission to Update a PartyClassificationType entity.');
INSERT INTO SECURITY_PERMISSION (PERMISSION_ID,DESCRIPTION) VALUES ('PARTY_CLASSIFICATION_TYPE_DELETE','Permission to Delete a PartyClassificationType entity.');

INSERT INTO SECURITY_GROUP_PERMISSION (GROUP_ID,PERMISSION_ID) VALUES ('FULLADMIN','PARTY_CLASSIFICATION_TYPE_ADMIN');
INSERT INTO SECURITY_GROUP_PERMISSION (GROUP_ID,PERMISSION_ID) VALUES ('FLEXADMIN','PARTY_CLASSIFICATION_TYPE_VIEW');
INSERT INTO SECURITY_GROUP_PERMISSION (GROUP_ID,PERMISSION_ID) VALUES ('FLEXADMIN','PARTY_CLASSIFICATION_TYPE_CREATE');
INSERT INTO SECURITY_GROUP_PERMISSION (GROUP_ID,PERMISSION_ID) VALUES ('FLEXADMIN','PARTY_CLASSIFICATION_TYPE_UPDATE');
INSERT INTO SECURITY_GROUP_PERMISSION (GROUP_ID,PERMISSION_ID) VALUES ('FLEXADMIN','PARTY_CLASSIFICATION_TYPE_DELETE');

INSERT INTO SECURITY_PERMISSION (PERMISSION_ID,DESCRIPTION) VALUES ('PARTY_TYPE_ADMIN','Permission to Administer a PartyType entity.');
INSERT INTO SECURITY_PERMISSION (PERMISSION_ID,DESCRIPTION) VALUES ('PARTY_TYPE_VIEW','Permission to View a PartyType entity.');
INSERT INTO SECURITY_PERMISSION (PERMISSION_ID,DESCRIPTION) VALUES ('PARTY_TYPE_CREATE','Permission to Create a PartyType entity.');
INSERT INTO SECURITY_PERMISSION (PERMISSION_ID,DESCRIPTION) VALUES ('PARTY_TYPE_UPDATE','Permission to Update a PartyType entity.');
INSERT INTO SECURITY_PERMISSION (PERMISSION_ID,DESCRIPTION) VALUES ('PARTY_TYPE_DELETE','Permission to Delete a PartyType entity.');

INSERT INTO SECURITY_GROUP_PERMISSION (GROUP_ID,PERMISSION_ID) VALUES ('FULLADMIN','PARTY_TYPE_ADMIN');
INSERT INTO SECURITY_GROUP_PERMISSION (GROUP_ID,PERMISSION_ID) VALUES ('FLEXADMIN','PARTY_TYPE_VIEW');
INSERT INTO SECURITY_GROUP_PERMISSION (GROUP_ID,PERMISSION_ID) VALUES ('FLEXADMIN','PARTY_TYPE_CREATE');
INSERT INTO SECURITY_GROUP_PERMISSION (GROUP_ID,PERMISSION_ID) VALUES ('FLEXADMIN','PARTY_TYPE_UPDATE');
INSERT INTO SECURITY_GROUP_PERMISSION (GROUP_ID,PERMISSION_ID) VALUES ('FLEXADMIN','PARTY_TYPE_DELETE');

INSERT INTO SECURITY_PERMISSION (PERMISSION_ID,DESCRIPTION) VALUES ('PARTY_ATTRIBUTE_ADMIN','Permission to Administer a PartyAttribute entity.');
INSERT INTO SECURITY_PERMISSION (PERMISSION_ID,DESCRIPTION) VALUES ('PARTY_ATTRIBUTE_VIEW','Permission to View a PartyAttribute entity.');
INSERT INTO SECURITY_PERMISSION (PERMISSION_ID,DESCRIPTION) VALUES ('PARTY_ATTRIBUTE_CREATE','Permission to Create a PartyAttribute entity.');
INSERT INTO SECURITY_PERMISSION (PERMISSION_ID,DESCRIPTION) VALUES ('PARTY_ATTRIBUTE_UPDATE','Permission to Update a PartyAttribute entity.');
INSERT INTO SECURITY_PERMISSION (PERMISSION_ID,DESCRIPTION) VALUES ('PARTY_ATTRIBUTE_DELETE','Permission to Delete a PartyAttribute entity.');

INSERT INTO SECURITY_GROUP_PERMISSION (GROUP_ID,PERMISSION_ID) VALUES ('FULLADMIN','PARTY_ATTRIBUTE_ADMIN');
INSERT INTO SECURITY_GROUP_PERMISSION (GROUP_ID,PERMISSION_ID) VALUES ('FLEXADMIN','PARTY_ATTRIBUTE_VIEW');
INSERT INTO SECURITY_GROUP_PERMISSION (GROUP_ID,PERMISSION_ID) VALUES ('FLEXADMIN','PARTY_ATTRIBUTE_CREATE');
INSERT INTO SECURITY_GROUP_PERMISSION (GROUP_ID,PERMISSION_ID) VALUES ('FLEXADMIN','PARTY_ATTRIBUTE_UPDATE');
INSERT INTO SECURITY_GROUP_PERMISSION (GROUP_ID,PERMISSION_ID) VALUES ('FLEXADMIN','PARTY_ATTRIBUTE_DELETE');

INSERT INTO SECURITY_PERMISSION (PERMISSION_ID,DESCRIPTION) VALUES ('PARTY_TYPE_ATTR_ADMIN','Permission to Administer a PartyTypeAttr entity.');
INSERT INTO SECURITY_PERMISSION (PERMISSION_ID,DESCRIPTION) VALUES ('PARTY_TYPE_ATTR_VIEW','Permission to View a PartyTypeAttr entity.');
INSERT INTO SECURITY_PERMISSION (PERMISSION_ID,DESCRIPTION) VALUES ('PARTY_TYPE_ATTR_CREATE','Permission to Create a PartyTypeAttr entity.');
INSERT INTO SECURITY_PERMISSION (PERMISSION_ID,DESCRIPTION) VALUES ('PARTY_TYPE_ATTR_UPDATE','Permission to Update a PartyTypeAttr entity.');
INSERT INTO SECURITY_PERMISSION (PERMISSION_ID,DESCRIPTION) VALUES ('PARTY_TYPE_ATTR_DELETE','Permission to Delete a PartyTypeAttr entity.');

INSERT INTO SECURITY_GROUP_PERMISSION (GROUP_ID,PERMISSION_ID) VALUES ('FULLADMIN','PARTY_TYPE_ATTR_ADMIN');
INSERT INTO SECURITY_GROUP_PERMISSION (GROUP_ID,PERMISSION_ID) VALUES ('FLEXADMIN','PARTY_TYPE_ATTR_VIEW');
INSERT INTO SECURITY_GROUP_PERMISSION (GROUP_ID,PERMISSION_ID) VALUES ('FLEXADMIN','PARTY_TYPE_ATTR_CREATE');
INSERT INTO SECURITY_GROUP_PERMISSION (GROUP_ID,PERMISSION_ID) VALUES ('FLEXADMIN','PARTY_TYPE_ATTR_UPDATE');
INSERT INTO SECURITY_GROUP_PERMISSION (GROUP_ID,PERMISSION_ID) VALUES ('FLEXADMIN','PARTY_TYPE_ATTR_DELETE');

INSERT INTO SECURITY_PERMISSION (PERMISSION_ID,DESCRIPTION) VALUES ('PARTY_ROLE_ADMIN','Permission to Administer a PartyRole entity.');
INSERT INTO SECURITY_PERMISSION (PERMISSION_ID,DESCRIPTION) VALUES ('PARTY_ROLE_VIEW','Permission to View a PartyRole entity.');
INSERT INTO SECURITY_PERMISSION (PERMISSION_ID,DESCRIPTION) VALUES ('PARTY_ROLE_CREATE','Permission to Create a PartyRole entity.');
INSERT INTO SECURITY_PERMISSION (PERMISSION_ID,DESCRIPTION) VALUES ('PARTY_ROLE_UPDATE','Permission to Update a PartyRole entity.');
INSERT INTO SECURITY_PERMISSION (PERMISSION_ID,DESCRIPTION) VALUES ('PARTY_ROLE_DELETE','Permission to Delete a PartyRole entity.');

INSERT INTO SECURITY_GROUP_PERMISSION (GROUP_ID,PERMISSION_ID) VALUES ('FULLADMIN','PARTY_ROLE_ADMIN');
INSERT INTO SECURITY_GROUP_PERMISSION (GROUP_ID,PERMISSION_ID) VALUES ('FLEXADMIN','PARTY_ROLE_VIEW');
INSERT INTO SECURITY_GROUP_PERMISSION (GROUP_ID,PERMISSION_ID) VALUES ('FLEXADMIN','PARTY_ROLE_CREATE');
INSERT INTO SECURITY_GROUP_PERMISSION (GROUP_ID,PERMISSION_ID) VALUES ('FLEXADMIN','PARTY_ROLE_UPDATE');
INSERT INTO SECURITY_GROUP_PERMISSION (GROUP_ID,PERMISSION_ID) VALUES ('FLEXADMIN','PARTY_ROLE_DELETE');

INSERT INTO SECURITY_PERMISSION (PERMISSION_ID,DESCRIPTION) VALUES ('ROLE_TYPE_ADMIN','Permission to Administer a RoleType entity.');
INSERT INTO SECURITY_PERMISSION (PERMISSION_ID,DESCRIPTION) VALUES ('ROLE_TYPE_VIEW','Permission to View a RoleType entity.');
INSERT INTO SECURITY_PERMISSION (PERMISSION_ID,DESCRIPTION) VALUES ('ROLE_TYPE_CREATE','Permission to Create a RoleType entity.');
INSERT INTO SECURITY_PERMISSION (PERMISSION_ID,DESCRIPTION) VALUES ('ROLE_TYPE_UPDATE','Permission to Update a RoleType entity.');
INSERT INTO SECURITY_PERMISSION (PERMISSION_ID,DESCRIPTION) VALUES ('ROLE_TYPE_DELETE','Permission to Delete a RoleType entity.');

INSERT INTO SECURITY_GROUP_PERMISSION (GROUP_ID,PERMISSION_ID) VALUES ('FULLADMIN','ROLE_TYPE_ADMIN');
INSERT INTO SECURITY_GROUP_PERMISSION (GROUP_ID,PERMISSION_ID) VALUES ('FLEXADMIN','ROLE_TYPE_VIEW');
INSERT INTO SECURITY_GROUP_PERMISSION (GROUP_ID,PERMISSION_ID) VALUES ('FLEXADMIN','ROLE_TYPE_CREATE');
INSERT INTO SECURITY_GROUP_PERMISSION (GROUP_ID,PERMISSION_ID) VALUES ('FLEXADMIN','ROLE_TYPE_UPDATE');
INSERT INTO SECURITY_GROUP_PERMISSION (GROUP_ID,PERMISSION_ID) VALUES ('FLEXADMIN','ROLE_TYPE_DELETE');

INSERT INTO SECURITY_PERMISSION (PERMISSION_ID,DESCRIPTION) VALUES ('ROLE_TYPE_ATTR_ADMIN','Permission to Administer a RoleTypeAttr entity.');
INSERT INTO SECURITY_PERMISSION (PERMISSION_ID,DESCRIPTION) VALUES ('ROLE_TYPE_ATTR_VIEW','Permission to View a RoleTypeAttr entity.');
INSERT INTO SECURITY_PERMISSION (PERMISSION_ID,DESCRIPTION) VALUES ('ROLE_TYPE_ATTR_CREATE','Permission to Create a RoleTypeAttr entity.');
INSERT INTO SECURITY_PERMISSION (PERMISSION_ID,DESCRIPTION) VALUES ('ROLE_TYPE_ATTR_UPDATE','Permission to Update a RoleTypeAttr entity.');
INSERT INTO SECURITY_PERMISSION (PERMISSION_ID,DESCRIPTION) VALUES ('ROLE_TYPE_ATTR_DELETE','Permission to Delete a RoleTypeAttr entity.');

INSERT INTO SECURITY_GROUP_PERMISSION (GROUP_ID,PERMISSION_ID) VALUES ('FULLADMIN','ROLE_TYPE_ATTR_ADMIN');
INSERT INTO SECURITY_GROUP_PERMISSION (GROUP_ID,PERMISSION_ID) VALUES ('FLEXADMIN','ROLE_TYPE_ATTR_VIEW');
INSERT INTO SECURITY_GROUP_PERMISSION (GROUP_ID,PERMISSION_ID) VALUES ('FLEXADMIN','ROLE_TYPE_ATTR_CREATE');
INSERT INTO SECURITY_GROUP_PERMISSION (GROUP_ID,PERMISSION_ID) VALUES ('FLEXADMIN','ROLE_TYPE_ATTR_UPDATE');
INSERT INTO SECURITY_GROUP_PERMISSION (GROUP_ID,PERMISSION_ID) VALUES ('FLEXADMIN','ROLE_TYPE_ATTR_DELETE');

INSERT INTO SECURITY_PERMISSION (PERMISSION_ID,DESCRIPTION) VALUES ('PRODUCT_ADMIN','Permission to Administer a Product entity.');
INSERT INTO SECURITY_PERMISSION (PERMISSION_ID,DESCRIPTION) VALUES ('PRODUCT_VIEW','Permission to View a Product entity.');
INSERT INTO SECURITY_PERMISSION (PERMISSION_ID,DESCRIPTION) VALUES ('PRODUCT_CREATE','Permission to Create a Product entity.');
INSERT INTO SECURITY_PERMISSION (PERMISSION_ID,DESCRIPTION) VALUES ('PRODUCT_UPDATE','Permission to Update a Product entity.');
INSERT INTO SECURITY_PERMISSION (PERMISSION_ID,DESCRIPTION) VALUES ('PRODUCT_DELETE','Permission to Delete a Product entity.');

INSERT INTO SECURITY_GROUP_PERMISSION (GROUP_ID,PERMISSION_ID) VALUES ('FULLADMIN','PRODUCT_ADMIN');
INSERT INTO SECURITY_GROUP_PERMISSION (GROUP_ID,PERMISSION_ID) VALUES ('FLEXADMIN','PRODUCT_VIEW');
INSERT INTO SECURITY_GROUP_PERMISSION (GROUP_ID,PERMISSION_ID) VALUES ('FLEXADMIN','PRODUCT_CREATE');
INSERT INTO SECURITY_GROUP_PERMISSION (GROUP_ID,PERMISSION_ID) VALUES ('FLEXADMIN','PRODUCT_UPDATE');
INSERT INTO SECURITY_GROUP_PERMISSION (GROUP_ID,PERMISSION_ID) VALUES ('FLEXADMIN','PRODUCT_DELETE');

INSERT INTO SECURITY_PERMISSION (PERMISSION_ID,DESCRIPTION) VALUES ('PRODUCT_CLASS_ADMIN','Permission to Administer a ProductClass entity.');
INSERT INTO SECURITY_PERMISSION (PERMISSION_ID,DESCRIPTION) VALUES ('PRODUCT_CLASS_VIEW','Permission to View a ProductClass entity.');
INSERT INTO SECURITY_PERMISSION (PERMISSION_ID,DESCRIPTION) VALUES ('PRODUCT_CLASS_CREATE','Permission to Create a ProductClass entity.');
INSERT INTO SECURITY_PERMISSION (PERMISSION_ID,DESCRIPTION) VALUES ('PRODUCT_CLASS_UPDATE','Permission to Update a ProductClass entity.');
INSERT INTO SECURITY_PERMISSION (PERMISSION_ID,DESCRIPTION) VALUES ('PRODUCT_CLASS_DELETE','Permission to Delete a ProductClass entity.');

INSERT INTO SECURITY_GROUP_PERMISSION (GROUP_ID,PERMISSION_ID) VALUES ('FULLADMIN','PRODUCT_CLASS_ADMIN');
INSERT INTO SECURITY_GROUP_PERMISSION (GROUP_ID,PERMISSION_ID) VALUES ('FLEXADMIN','PRODUCT_CLASS_VIEW');
INSERT INTO SECURITY_GROUP_PERMISSION (GROUP_ID,PERMISSION_ID) VALUES ('FLEXADMIN','PRODUCT_CLASS_CREATE');
INSERT INTO SECURITY_GROUP_PERMISSION (GROUP_ID,PERMISSION_ID) VALUES ('FLEXADMIN','PRODUCT_CLASS_UPDATE');
INSERT INTO SECURITY_GROUP_PERMISSION (GROUP_ID,PERMISSION_ID) VALUES ('FLEXADMIN','PRODUCT_CLASS_DELETE');

INSERT INTO SECURITY_PERMISSION (PERMISSION_ID,DESCRIPTION) VALUES ('PRODUCT_TYPE_ADMIN','Permission to Administer a ProductType entity.');
INSERT INTO SECURITY_PERMISSION (PERMISSION_ID,DESCRIPTION) VALUES ('PRODUCT_TYPE_VIEW','Permission to View a ProductType entity.');
INSERT INTO SECURITY_PERMISSION (PERMISSION_ID,DESCRIPTION) VALUES ('PRODUCT_TYPE_CREATE','Permission to Create a ProductType entity.');
INSERT INTO SECURITY_PERMISSION (PERMISSION_ID,DESCRIPTION) VALUES ('PRODUCT_TYPE_UPDATE','Permission to Update a ProductType entity.');
INSERT INTO SECURITY_PERMISSION (PERMISSION_ID,DESCRIPTION) VALUES ('PRODUCT_TYPE_DELETE','Permission to Delete a ProductType entity.');

INSERT INTO SECURITY_GROUP_PERMISSION (GROUP_ID,PERMISSION_ID) VALUES ('FULLADMIN','PRODUCT_TYPE_ADMIN');
INSERT INTO SECURITY_GROUP_PERMISSION (GROUP_ID,PERMISSION_ID) VALUES ('FLEXADMIN','PRODUCT_TYPE_VIEW');
INSERT INTO SECURITY_GROUP_PERMISSION (GROUP_ID,PERMISSION_ID) VALUES ('FLEXADMIN','PRODUCT_TYPE_CREATE');
INSERT INTO SECURITY_GROUP_PERMISSION (GROUP_ID,PERMISSION_ID) VALUES ('FLEXADMIN','PRODUCT_TYPE_UPDATE');
INSERT INTO SECURITY_GROUP_PERMISSION (GROUP_ID,PERMISSION_ID) VALUES ('FLEXADMIN','PRODUCT_TYPE_DELETE');

INSERT INTO SECURITY_PERMISSION (PERMISSION_ID,DESCRIPTION) VALUES ('PRODUCT_ATTRIBUTE_ADMIN','Permission to Administer a ProductAttribute entity.');
INSERT INTO SECURITY_PERMISSION (PERMISSION_ID,DESCRIPTION) VALUES ('PRODUCT_ATTRIBUTE_VIEW','Permission to View a ProductAttribute entity.');
INSERT INTO SECURITY_PERMISSION (PERMISSION_ID,DESCRIPTION) VALUES ('PRODUCT_ATTRIBUTE_CREATE','Permission to Create a ProductAttribute entity.');
INSERT INTO SECURITY_PERMISSION (PERMISSION_ID,DESCRIPTION) VALUES ('PRODUCT_ATTRIBUTE_UPDATE','Permission to Update a ProductAttribute entity.');
INSERT INTO SECURITY_PERMISSION (PERMISSION_ID,DESCRIPTION) VALUES ('PRODUCT_ATTRIBUTE_DELETE','Permission to Delete a ProductAttribute entity.');

INSERT INTO SECURITY_GROUP_PERMISSION (GROUP_ID,PERMISSION_ID) VALUES ('FULLADMIN','PRODUCT_ATTRIBUTE_ADMIN');
INSERT INTO SECURITY_GROUP_PERMISSION (GROUP_ID,PERMISSION_ID) VALUES ('FLEXADMIN','PRODUCT_ATTRIBUTE_VIEW');
INSERT INTO SECURITY_GROUP_PERMISSION (GROUP_ID,PERMISSION_ID) VALUES ('FLEXADMIN','PRODUCT_ATTRIBUTE_CREATE');
INSERT INTO SECURITY_GROUP_PERMISSION (GROUP_ID,PERMISSION_ID) VALUES ('FLEXADMIN','PRODUCT_ATTRIBUTE_UPDATE');
INSERT INTO SECURITY_GROUP_PERMISSION (GROUP_ID,PERMISSION_ID) VALUES ('FLEXADMIN','PRODUCT_ATTRIBUTE_DELETE');

INSERT INTO SECURITY_PERMISSION (PERMISSION_ID,DESCRIPTION) VALUES ('PRODUCT_TYPE_ATTR_ADMIN','Permission to Administer a ProductTypeAttr entity.');
INSERT INTO SECURITY_PERMISSION (PERMISSION_ID,DESCRIPTION) VALUES ('PRODUCT_TYPE_ATTR_VIEW','Permission to View a ProductTypeAttr entity.');
INSERT INTO SECURITY_PERMISSION (PERMISSION_ID,DESCRIPTION) VALUES ('PRODUCT_TYPE_ATTR_CREATE','Permission to Create a ProductTypeAttr entity.');
INSERT INTO SECURITY_PERMISSION (PERMISSION_ID,DESCRIPTION) VALUES ('PRODUCT_TYPE_ATTR_UPDATE','Permission to Update a ProductTypeAttr entity.');
INSERT INTO SECURITY_PERMISSION (PERMISSION_ID,DESCRIPTION) VALUES ('PRODUCT_TYPE_ATTR_DELETE','Permission to Delete a ProductTypeAttr entity.');

INSERT INTO SECURITY_GROUP_PERMISSION (GROUP_ID,PERMISSION_ID) VALUES ('FULLADMIN','PRODUCT_TYPE_ATTR_ADMIN');
INSERT INTO SECURITY_GROUP_PERMISSION (GROUP_ID,PERMISSION_ID) VALUES ('FLEXADMIN','PRODUCT_TYPE_ATTR_VIEW');
INSERT INTO SECURITY_GROUP_PERMISSION (GROUP_ID,PERMISSION_ID) VALUES ('FLEXADMIN','PRODUCT_TYPE_ATTR_CREATE');
INSERT INTO SECURITY_GROUP_PERMISSION (GROUP_ID,PERMISSION_ID) VALUES ('FLEXADMIN','PRODUCT_TYPE_ATTR_UPDATE');
INSERT INTO SECURITY_GROUP_PERMISSION (GROUP_ID,PERMISSION_ID) VALUES ('FLEXADMIN','PRODUCT_TYPE_ATTR_DELETE');

INSERT INTO SECURITY_PERMISSION (PERMISSION_ID,DESCRIPTION) VALUES ('GOOD_IDENTIFICATION_ADMIN','Permission to Administer a GoodIdentification entity.');
INSERT INTO SECURITY_PERMISSION (PERMISSION_ID,DESCRIPTION) VALUES ('GOOD_IDENTIFICATION_VIEW','Permission to View a GoodIdentification entity.');
INSERT INTO SECURITY_PERMISSION (PERMISSION_ID,DESCRIPTION) VALUES ('GOOD_IDENTIFICATION_CREATE','Permission to Create a GoodIdentification entity.');
INSERT INTO SECURITY_PERMISSION (PERMISSION_ID,DESCRIPTION) VALUES ('GOOD_IDENTIFICATION_UPDATE','Permission to Update a GoodIdentification entity.');
INSERT INTO SECURITY_PERMISSION (PERMISSION_ID,DESCRIPTION) VALUES ('GOOD_IDENTIFICATION_DELETE','Permission to Delete a GoodIdentification entity.');

INSERT INTO SECURITY_GROUP_PERMISSION (GROUP_ID,PERMISSION_ID) VALUES ('FULLADMIN','GOOD_IDENTIFICATION_ADMIN');
INSERT INTO SECURITY_GROUP_PERMISSION (GROUP_ID,PERMISSION_ID) VALUES ('FLEXADMIN','GOOD_IDENTIFICATION_VIEW');
INSERT INTO SECURITY_GROUP_PERMISSION (GROUP_ID,PERMISSION_ID) VALUES ('FLEXADMIN','GOOD_IDENTIFICATION_CREATE');
INSERT INTO SECURITY_GROUP_PERMISSION (GROUP_ID,PERMISSION_ID) VALUES ('FLEXADMIN','GOOD_IDENTIFICATION_UPDATE');
INSERT INTO SECURITY_GROUP_PERMISSION (GROUP_ID,PERMISSION_ID) VALUES ('FLEXADMIN','GOOD_IDENTIFICATION_DELETE');

INSERT INTO SECURITY_PERMISSION (PERMISSION_ID,DESCRIPTION) VALUES ('GOOD_IDENTIFICATION_TYPE_ADMIN','Permission to Administer a GoodIdentificationType entity.');
INSERT INTO SECURITY_PERMISSION (PERMISSION_ID,DESCRIPTION) VALUES ('GOOD_IDENTIFICATION_TYPE_VIEW','Permission to View a GoodIdentificationType entity.');
INSERT INTO SECURITY_PERMISSION (PERMISSION_ID,DESCRIPTION) VALUES ('GOOD_IDENTIFICATION_TYPE_CREATE','Permission to Create a GoodIdentificationType entity.');
INSERT INTO SECURITY_PERMISSION (PERMISSION_ID,DESCRIPTION) VALUES ('GOOD_IDENTIFICATION_TYPE_UPDATE','Permission to Update a GoodIdentificationType entity.');
INSERT INTO SECURITY_PERMISSION (PERMISSION_ID,DESCRIPTION) VALUES ('GOOD_IDENTIFICATION_TYPE_DELETE','Permission to Delete a GoodIdentificationType entity.');

INSERT INTO SECURITY_GROUP_PERMISSION (GROUP_ID,PERMISSION_ID) VALUES ('FULLADMIN','GOOD_IDENTIFICATION_TYPE_ADMIN');
INSERT INTO SECURITY_GROUP_PERMISSION (GROUP_ID,PERMISSION_ID) VALUES ('FLEXADMIN','GOOD_IDENTIFICATION_TYPE_VIEW');
INSERT INTO SECURITY_GROUP_PERMISSION (GROUP_ID,PERMISSION_ID) VALUES ('FLEXADMIN','GOOD_IDENTIFICATION_TYPE_CREATE');
INSERT INTO SECURITY_GROUP_PERMISSION (GROUP_ID,PERMISSION_ID) VALUES ('FLEXADMIN','GOOD_IDENTIFICATION_TYPE_UPDATE');
INSERT INTO SECURITY_GROUP_PERMISSION (GROUP_ID,PERMISSION_ID) VALUES ('FLEXADMIN','GOOD_IDENTIFICATION_TYPE_DELETE');

INSERT INTO SECURITY_PERMISSION (PERMISSION_ID,DESCRIPTION) VALUES ('PRODUCT_ASSOC_ADMIN','Permission to Administer a ProductAssoc entity.');
INSERT INTO SECURITY_PERMISSION (PERMISSION_ID,DESCRIPTION) VALUES ('PRODUCT_ASSOC_VIEW','Permission to View a ProductAssoc entity.');
INSERT INTO SECURITY_PERMISSION (PERMISSION_ID,DESCRIPTION) VALUES ('PRODUCT_ASSOC_CREATE','Permission to Create a ProductAssoc entity.');
INSERT INTO SECURITY_PERMISSION (PERMISSION_ID,DESCRIPTION) VALUES ('PRODUCT_ASSOC_UPDATE','Permission to Update a ProductAssoc entity.');
INSERT INTO SECURITY_PERMISSION (PERMISSION_ID,DESCRIPTION) VALUES ('PRODUCT_ASSOC_DELETE','Permission to Delete a ProductAssoc entity.');

INSERT INTO SECURITY_GROUP_PERMISSION (GROUP_ID,PERMISSION_ID) VALUES ('FULLADMIN','PRODUCT_ASSOC_ADMIN');
INSERT INTO SECURITY_GROUP_PERMISSION (GROUP_ID,PERMISSION_ID) VALUES ('FLEXADMIN','PRODUCT_ASSOC_VIEW');
INSERT INTO SECURITY_GROUP_PERMISSION (GROUP_ID,PERMISSION_ID) VALUES ('FLEXADMIN','PRODUCT_ASSOC_CREATE');
INSERT INTO SECURITY_GROUP_PERMISSION (GROUP_ID,PERMISSION_ID) VALUES ('FLEXADMIN','PRODUCT_ASSOC_UPDATE');
INSERT INTO SECURITY_GROUP_PERMISSION (GROUP_ID,PERMISSION_ID) VALUES ('FLEXADMIN','PRODUCT_ASSOC_DELETE');

INSERT INTO SECURITY_PERMISSION (PERMISSION_ID,DESCRIPTION) VALUES ('PRODUCT_ASSOC_TYPE_ADMIN','Permission to Administer a ProductAssocType entity.');
INSERT INTO SECURITY_PERMISSION (PERMISSION_ID,DESCRIPTION) VALUES ('PRODUCT_ASSOC_TYPE_VIEW','Permission to View a ProductAssocType entity.');
INSERT INTO SECURITY_PERMISSION (PERMISSION_ID,DESCRIPTION) VALUES ('PRODUCT_ASSOC_TYPE_CREATE','Permission to Create a ProductAssocType entity.');
INSERT INTO SECURITY_PERMISSION (PERMISSION_ID,DESCRIPTION) VALUES ('PRODUCT_ASSOC_TYPE_UPDATE','Permission to Update a ProductAssocType entity.');
INSERT INTO SECURITY_PERMISSION (PERMISSION_ID,DESCRIPTION) VALUES ('PRODUCT_ASSOC_TYPE_DELETE','Permission to Delete a ProductAssocType entity.');

INSERT INTO SECURITY_GROUP_PERMISSION (GROUP_ID,PERMISSION_ID) VALUES ('FULLADMIN','PRODUCT_ASSOC_TYPE_ADMIN');
INSERT INTO SECURITY_GROUP_PERMISSION (GROUP_ID,PERMISSION_ID) VALUES ('FLEXADMIN','PRODUCT_ASSOC_TYPE_VIEW');
INSERT INTO SECURITY_GROUP_PERMISSION (GROUP_ID,PERMISSION_ID) VALUES ('FLEXADMIN','PRODUCT_ASSOC_TYPE_CREATE');
INSERT INTO SECURITY_GROUP_PERMISSION (GROUP_ID,PERMISSION_ID) VALUES ('FLEXADMIN','PRODUCT_ASSOC_TYPE_UPDATE');
INSERT INTO SECURITY_GROUP_PERMISSION (GROUP_ID,PERMISSION_ID) VALUES ('FLEXADMIN','PRODUCT_ASSOC_TYPE_DELETE');

INSERT INTO SECURITY_PERMISSION (PERMISSION_ID,DESCRIPTION) VALUES ('PRODUCT_DATA_OBJECT_ADMIN','Permission to Administer a ProductDataObject entity.');
INSERT INTO SECURITY_PERMISSION (PERMISSION_ID,DESCRIPTION) VALUES ('PRODUCT_DATA_OBJECT_VIEW','Permission to View a ProductDataObject entity.');
INSERT INTO SECURITY_PERMISSION (PERMISSION_ID,DESCRIPTION) VALUES ('PRODUCT_DATA_OBJECT_CREATE','Permission to Create a ProductDataObject entity.');
INSERT INTO SECURITY_PERMISSION (PERMISSION_ID,DESCRIPTION) VALUES ('PRODUCT_DATA_OBJECT_UPDATE','Permission to Update a ProductDataObject entity.');
INSERT INTO SECURITY_PERMISSION (PERMISSION_ID,DESCRIPTION) VALUES ('PRODUCT_DATA_OBJECT_DELETE','Permission to Delete a ProductDataObject entity.');

INSERT INTO SECURITY_GROUP_PERMISSION (GROUP_ID,PERMISSION_ID) VALUES ('FULLADMIN','PRODUCT_DATA_OBJECT_ADMIN');
INSERT INTO SECURITY_GROUP_PERMISSION (GROUP_ID,PERMISSION_ID) VALUES ('FLEXADMIN','PRODUCT_DATA_OBJECT_VIEW');
INSERT INTO SECURITY_GROUP_PERMISSION (GROUP_ID,PERMISSION_ID) VALUES ('FLEXADMIN','PRODUCT_DATA_OBJECT_CREATE');
INSERT INTO SECURITY_GROUP_PERMISSION (GROUP_ID,PERMISSION_ID) VALUES ('FLEXADMIN','PRODUCT_DATA_OBJECT_UPDATE');
INSERT INTO SECURITY_GROUP_PERMISSION (GROUP_ID,PERMISSION_ID) VALUES ('FLEXADMIN','PRODUCT_DATA_OBJECT_DELETE');

INSERT INTO SECURITY_PERMISSION (PERMISSION_ID,DESCRIPTION) VALUES ('PRODUCT_CATEGORY_ADMIN','Permission to Administer a ProductCategory entity.');
INSERT INTO SECURITY_PERMISSION (PERMISSION_ID,DESCRIPTION) VALUES ('PRODUCT_CATEGORY_VIEW','Permission to View a ProductCategory entity.');
INSERT INTO SECURITY_PERMISSION (PERMISSION_ID,DESCRIPTION) VALUES ('PRODUCT_CATEGORY_CREATE','Permission to Create a ProductCategory entity.');
INSERT INTO SECURITY_PERMISSION (PERMISSION_ID,DESCRIPTION) VALUES ('PRODUCT_CATEGORY_UPDATE','Permission to Update a ProductCategory entity.');
INSERT INTO SECURITY_PERMISSION (PERMISSION_ID,DESCRIPTION) VALUES ('PRODUCT_CATEGORY_DELETE','Permission to Delete a ProductCategory entity.');

INSERT INTO SECURITY_GROUP_PERMISSION (GROUP_ID,PERMISSION_ID) VALUES ('FULLADMIN','PRODUCT_CATEGORY_ADMIN');
INSERT INTO SECURITY_GROUP_PERMISSION (GROUP_ID,PERMISSION_ID) VALUES ('FLEXADMIN','PRODUCT_CATEGORY_VIEW');
INSERT INTO SECURITY_GROUP_PERMISSION (GROUP_ID,PERMISSION_ID) VALUES ('FLEXADMIN','PRODUCT_CATEGORY_CREATE');
INSERT INTO SECURITY_GROUP_PERMISSION (GROUP_ID,PERMISSION_ID) VALUES ('FLEXADMIN','PRODUCT_CATEGORY_UPDATE');
INSERT INTO SECURITY_GROUP_PERMISSION (GROUP_ID,PERMISSION_ID) VALUES ('FLEXADMIN','PRODUCT_CATEGORY_DELETE');

INSERT INTO SECURITY_PERMISSION (PERMISSION_ID,DESCRIPTION) VALUES ('PRODUCT_CATEGORY_CLASS_ADMIN','Permission to Administer a ProductCategoryClass entity.');
INSERT INTO SECURITY_PERMISSION (PERMISSION_ID,DESCRIPTION) VALUES ('PRODUCT_CATEGORY_CLASS_VIEW','Permission to View a ProductCategoryClass entity.');
INSERT INTO SECURITY_PERMISSION (PERMISSION_ID,DESCRIPTION) VALUES ('PRODUCT_CATEGORY_CLASS_CREATE','Permission to Create a ProductCategoryClass entity.');
INSERT INTO SECURITY_PERMISSION (PERMISSION_ID,DESCRIPTION) VALUES ('PRODUCT_CATEGORY_CLASS_UPDATE','Permission to Update a ProductCategoryClass entity.');
INSERT INTO SECURITY_PERMISSION (PERMISSION_ID,DESCRIPTION) VALUES ('PRODUCT_CATEGORY_CLASS_DELETE','Permission to Delete a ProductCategoryClass entity.');

INSERT INTO SECURITY_GROUP_PERMISSION (GROUP_ID,PERMISSION_ID) VALUES ('FULLADMIN','PRODUCT_CATEGORY_CLASS_ADMIN');
INSERT INTO SECURITY_GROUP_PERMISSION (GROUP_ID,PERMISSION_ID) VALUES ('FLEXADMIN','PRODUCT_CATEGORY_CLASS_VIEW');
INSERT INTO SECURITY_GROUP_PERMISSION (GROUP_ID,PERMISSION_ID) VALUES ('FLEXADMIN','PRODUCT_CATEGORY_CLASS_CREATE');
INSERT INTO SECURITY_GROUP_PERMISSION (GROUP_ID,PERMISSION_ID) VALUES ('FLEXADMIN','PRODUCT_CATEGORY_CLASS_UPDATE');
INSERT INTO SECURITY_GROUP_PERMISSION (GROUP_ID,PERMISSION_ID) VALUES ('FLEXADMIN','PRODUCT_CATEGORY_CLASS_DELETE');

INSERT INTO SECURITY_PERMISSION (PERMISSION_ID,DESCRIPTION) VALUES ('PRODUCT_CATEGORY_TYPE_ADMIN','Permission to Administer a ProductCategoryType entity.');
INSERT INTO SECURITY_PERMISSION (PERMISSION_ID,DESCRIPTION) VALUES ('PRODUCT_CATEGORY_TYPE_VIEW','Permission to View a ProductCategoryType entity.');
INSERT INTO SECURITY_PERMISSION (PERMISSION_ID,DESCRIPTION) VALUES ('PRODUCT_CATEGORY_TYPE_CREATE','Permission to Create a ProductCategoryType entity.');
INSERT INTO SECURITY_PERMISSION (PERMISSION_ID,DESCRIPTION) VALUES ('PRODUCT_CATEGORY_TYPE_UPDATE','Permission to Update a ProductCategoryType entity.');
INSERT INTO SECURITY_PERMISSION (PERMISSION_ID,DESCRIPTION) VALUES ('PRODUCT_CATEGORY_TYPE_DELETE','Permission to Delete a ProductCategoryType entity.');

INSERT INTO SECURITY_GROUP_PERMISSION (GROUP_ID,PERMISSION_ID) VALUES ('FULLADMIN','PRODUCT_CATEGORY_TYPE_ADMIN');
INSERT INTO SECURITY_GROUP_PERMISSION (GROUP_ID,PERMISSION_ID) VALUES ('FLEXADMIN','PRODUCT_CATEGORY_TYPE_VIEW');
INSERT INTO SECURITY_GROUP_PERMISSION (GROUP_ID,PERMISSION_ID) VALUES ('FLEXADMIN','PRODUCT_CATEGORY_TYPE_CREATE');
INSERT INTO SECURITY_GROUP_PERMISSION (GROUP_ID,PERMISSION_ID) VALUES ('FLEXADMIN','PRODUCT_CATEGORY_TYPE_UPDATE');
INSERT INTO SECURITY_GROUP_PERMISSION (GROUP_ID,PERMISSION_ID) VALUES ('FLEXADMIN','PRODUCT_CATEGORY_TYPE_DELETE');

INSERT INTO SECURITY_PERMISSION (PERMISSION_ID,DESCRIPTION) VALUES ('PRODUCT_CATEGORY_ATTRIBUTE_ADMIN','Permission to Administer a ProductCategoryAttribute entity.');
INSERT INTO SECURITY_PERMISSION (PERMISSION_ID,DESCRIPTION) VALUES ('PRODUCT_CATEGORY_ATTRIBUTE_VIEW','Permission to View a ProductCategoryAttribute entity.');
INSERT INTO SECURITY_PERMISSION (PERMISSION_ID,DESCRIPTION) VALUES ('PRODUCT_CATEGORY_ATTRIBUTE_CREATE','Permission to Create a ProductCategoryAttribute entity.');
INSERT INTO SECURITY_PERMISSION (PERMISSION_ID,DESCRIPTION) VALUES ('PRODUCT_CATEGORY_ATTRIBUTE_UPDATE','Permission to Update a ProductCategoryAttribute entity.');
INSERT INTO SECURITY_PERMISSION (PERMISSION_ID,DESCRIPTION) VALUES ('PRODUCT_CATEGORY_ATTRIBUTE_DELETE','Permission to Delete a ProductCategoryAttribute entity.');

INSERT INTO SECURITY_GROUP_PERMISSION (GROUP_ID,PERMISSION_ID) VALUES ('FULLADMIN','PRODUCT_CATEGORY_ATTRIBUTE_ADMIN');
INSERT INTO SECURITY_GROUP_PERMISSION (GROUP_ID,PERMISSION_ID) VALUES ('FLEXADMIN','PRODUCT_CATEGORY_ATTRIBUTE_VIEW');
INSERT INTO SECURITY_GROUP_PERMISSION (GROUP_ID,PERMISSION_ID) VALUES ('FLEXADMIN','PRODUCT_CATEGORY_ATTRIBUTE_CREATE');
INSERT INTO SECURITY_GROUP_PERMISSION (GROUP_ID,PERMISSION_ID) VALUES ('FLEXADMIN','PRODUCT_CATEGORY_ATTRIBUTE_UPDATE');
INSERT INTO SECURITY_GROUP_PERMISSION (GROUP_ID,PERMISSION_ID) VALUES ('FLEXADMIN','PRODUCT_CATEGORY_ATTRIBUTE_DELETE');

INSERT INTO SECURITY_PERMISSION (PERMISSION_ID,DESCRIPTION) VALUES ('PRODUCT_CATEGORY_TYPE_ATTR_ADMIN','Permission to Administer a ProductCategoryTypeAttr entity.');
INSERT INTO SECURITY_PERMISSION (PERMISSION_ID,DESCRIPTION) VALUES ('PRODUCT_CATEGORY_TYPE_ATTR_VIEW','Permission to View a ProductCategoryTypeAttr entity.');
INSERT INTO SECURITY_PERMISSION (PERMISSION_ID,DESCRIPTION) VALUES ('PRODUCT_CATEGORY_TYPE_ATTR_CREATE','Permission to Create a ProductCategoryTypeAttr entity.');
INSERT INTO SECURITY_PERMISSION (PERMISSION_ID,DESCRIPTION) VALUES ('PRODUCT_CATEGORY_TYPE_ATTR_UPDATE','Permission to Update a ProductCategoryTypeAttr entity.');
INSERT INTO SECURITY_PERMISSION (PERMISSION_ID,DESCRIPTION) VALUES ('PRODUCT_CATEGORY_TYPE_ATTR_DELETE','Permission to Delete a ProductCategoryTypeAttr entity.');

INSERT INTO SECURITY_GROUP_PERMISSION (GROUP_ID,PERMISSION_ID) VALUES ('FULLADMIN','PRODUCT_CATEGORY_TYPE_ATTR_ADMIN');
INSERT INTO SECURITY_GROUP_PERMISSION (GROUP_ID,PERMISSION_ID) VALUES ('FLEXADMIN','PRODUCT_CATEGORY_TYPE_ATTR_VIEW');
INSERT INTO SECURITY_GROUP_PERMISSION (GROUP_ID,PERMISSION_ID) VALUES ('FLEXADMIN','PRODUCT_CATEGORY_TYPE_ATTR_CREATE');
INSERT INTO SECURITY_GROUP_PERMISSION (GROUP_ID,PERMISSION_ID) VALUES ('FLEXADMIN','PRODUCT_CATEGORY_TYPE_ATTR_UPDATE');
INSERT INTO SECURITY_GROUP_PERMISSION (GROUP_ID,PERMISSION_ID) VALUES ('FLEXADMIN','PRODUCT_CATEGORY_TYPE_ATTR_DELETE');

INSERT INTO SECURITY_PERMISSION (PERMISSION_ID,DESCRIPTION) VALUES ('PRODUCT_CATEGORY_MEMBER_ADMIN','Permission to Administer a ProductCategoryMember entity.');
INSERT INTO SECURITY_PERMISSION (PERMISSION_ID,DESCRIPTION) VALUES ('PRODUCT_CATEGORY_MEMBER_VIEW','Permission to View a ProductCategoryMember entity.');
INSERT INTO SECURITY_PERMISSION (PERMISSION_ID,DESCRIPTION) VALUES ('PRODUCT_CATEGORY_MEMBER_CREATE','Permission to Create a ProductCategoryMember entity.');
INSERT INTO SECURITY_PERMISSION (PERMISSION_ID,DESCRIPTION) VALUES ('PRODUCT_CATEGORY_MEMBER_UPDATE','Permission to Update a ProductCategoryMember entity.');
INSERT INTO SECURITY_PERMISSION (PERMISSION_ID,DESCRIPTION) VALUES ('PRODUCT_CATEGORY_MEMBER_DELETE','Permission to Delete a ProductCategoryMember entity.');

INSERT INTO SECURITY_GROUP_PERMISSION (GROUP_ID,PERMISSION_ID) VALUES ('FULLADMIN','PRODUCT_CATEGORY_MEMBER_ADMIN');
INSERT INTO SECURITY_GROUP_PERMISSION (GROUP_ID,PERMISSION_ID) VALUES ('FLEXADMIN','PRODUCT_CATEGORY_MEMBER_VIEW');
INSERT INTO SECURITY_GROUP_PERMISSION (GROUP_ID,PERMISSION_ID) VALUES ('FLEXADMIN','PRODUCT_CATEGORY_MEMBER_CREATE');
INSERT INTO SECURITY_GROUP_PERMISSION (GROUP_ID,PERMISSION_ID) VALUES ('FLEXADMIN','PRODUCT_CATEGORY_MEMBER_UPDATE');
INSERT INTO SECURITY_GROUP_PERMISSION (GROUP_ID,PERMISSION_ID) VALUES ('FLEXADMIN','PRODUCT_CATEGORY_MEMBER_DELETE');

INSERT INTO SECURITY_PERMISSION (PERMISSION_ID,DESCRIPTION) VALUES ('PRODUCT_CATEGORY_ROLLUP_ADMIN','Permission to Administer a ProductCategoryRollup entity.');
INSERT INTO SECURITY_PERMISSION (PERMISSION_ID,DESCRIPTION) VALUES ('PRODUCT_CATEGORY_ROLLUP_VIEW','Permission to View a ProductCategoryRollup entity.');
INSERT INTO SECURITY_PERMISSION (PERMISSION_ID,DESCRIPTION) VALUES ('PRODUCT_CATEGORY_ROLLUP_CREATE','Permission to Create a ProductCategoryRollup entity.');
INSERT INTO SECURITY_PERMISSION (PERMISSION_ID,DESCRIPTION) VALUES ('PRODUCT_CATEGORY_ROLLUP_UPDATE','Permission to Update a ProductCategoryRollup entity.');
INSERT INTO SECURITY_PERMISSION (PERMISSION_ID,DESCRIPTION) VALUES ('PRODUCT_CATEGORY_ROLLUP_DELETE','Permission to Delete a ProductCategoryRollup entity.');

INSERT INTO SECURITY_GROUP_PERMISSION (GROUP_ID,PERMISSION_ID) VALUES ('FULLADMIN','PRODUCT_CATEGORY_ROLLUP_ADMIN');
INSERT INTO SECURITY_GROUP_PERMISSION (GROUP_ID,PERMISSION_ID) VALUES ('FLEXADMIN','PRODUCT_CATEGORY_ROLLUP_VIEW');
INSERT INTO SECURITY_GROUP_PERMISSION (GROUP_ID,PERMISSION_ID) VALUES ('FLEXADMIN','PRODUCT_CATEGORY_ROLLUP_CREATE');
INSERT INTO SECURITY_GROUP_PERMISSION (GROUP_ID,PERMISSION_ID) VALUES ('FLEXADMIN','PRODUCT_CATEGORY_ROLLUP_UPDATE');
INSERT INTO SECURITY_GROUP_PERMISSION (GROUP_ID,PERMISSION_ID) VALUES ('FLEXADMIN','PRODUCT_CATEGORY_ROLLUP_DELETE');

INSERT INTO SECURITY_PERMISSION (PERMISSION_ID,DESCRIPTION) VALUES ('PRODUCT_FEATURE_ADMIN','Permission to Administer a ProductFeature entity.');
INSERT INTO SECURITY_PERMISSION (PERMISSION_ID,DESCRIPTION) VALUES ('PRODUCT_FEATURE_VIEW','Permission to View a ProductFeature entity.');
INSERT INTO SECURITY_PERMISSION (PERMISSION_ID,DESCRIPTION) VALUES ('PRODUCT_FEATURE_CREATE','Permission to Create a ProductFeature entity.');
INSERT INTO SECURITY_PERMISSION (PERMISSION_ID,DESCRIPTION) VALUES ('PRODUCT_FEATURE_UPDATE','Permission to Update a ProductFeature entity.');
INSERT INTO SECURITY_PERMISSION (PERMISSION_ID,DESCRIPTION) VALUES ('PRODUCT_FEATURE_DELETE','Permission to Delete a ProductFeature entity.');

INSERT INTO SECURITY_GROUP_PERMISSION (GROUP_ID,PERMISSION_ID) VALUES ('FULLADMIN','PRODUCT_FEATURE_ADMIN');
INSERT INTO SECURITY_GROUP_PERMISSION (GROUP_ID,PERMISSION_ID) VALUES ('FLEXADMIN','PRODUCT_FEATURE_VIEW');
INSERT INTO SECURITY_GROUP_PERMISSION (GROUP_ID,PERMISSION_ID) VALUES ('FLEXADMIN','PRODUCT_FEATURE_CREATE');
INSERT INTO SECURITY_GROUP_PERMISSION (GROUP_ID,PERMISSION_ID) VALUES ('FLEXADMIN','PRODUCT_FEATURE_UPDATE');
INSERT INTO SECURITY_GROUP_PERMISSION (GROUP_ID,PERMISSION_ID) VALUES ('FLEXADMIN','PRODUCT_FEATURE_DELETE');

INSERT INTO SECURITY_PERMISSION (PERMISSION_ID,DESCRIPTION) VALUES ('PRODUCT_FEATURE_TYPE_ADMIN','Permission to Administer a ProductFeatureType entity.');
INSERT INTO SECURITY_PERMISSION (PERMISSION_ID,DESCRIPTION) VALUES ('PRODUCT_FEATURE_TYPE_VIEW','Permission to View a ProductFeatureType entity.');
INSERT INTO SECURITY_PERMISSION (PERMISSION_ID,DESCRIPTION) VALUES ('PRODUCT_FEATURE_TYPE_CREATE','Permission to Create a ProductFeatureType entity.');
INSERT INTO SECURITY_PERMISSION (PERMISSION_ID,DESCRIPTION) VALUES ('PRODUCT_FEATURE_TYPE_UPDATE','Permission to Update a ProductFeatureType entity.');
INSERT INTO SECURITY_PERMISSION (PERMISSION_ID,DESCRIPTION) VALUES ('PRODUCT_FEATURE_TYPE_DELETE','Permission to Delete a ProductFeatureType entity.');

INSERT INTO SECURITY_GROUP_PERMISSION (GROUP_ID,PERMISSION_ID) VALUES ('FULLADMIN','PRODUCT_FEATURE_TYPE_ADMIN');
INSERT INTO SECURITY_GROUP_PERMISSION (GROUP_ID,PERMISSION_ID) VALUES ('FLEXADMIN','PRODUCT_FEATURE_TYPE_VIEW');
INSERT INTO SECURITY_GROUP_PERMISSION (GROUP_ID,PERMISSION_ID) VALUES ('FLEXADMIN','PRODUCT_FEATURE_TYPE_CREATE');
INSERT INTO SECURITY_GROUP_PERMISSION (GROUP_ID,PERMISSION_ID) VALUES ('FLEXADMIN','PRODUCT_FEATURE_TYPE_UPDATE');
INSERT INTO SECURITY_GROUP_PERMISSION (GROUP_ID,PERMISSION_ID) VALUES ('FLEXADMIN','PRODUCT_FEATURE_TYPE_DELETE');

INSERT INTO SECURITY_PERMISSION (PERMISSION_ID,DESCRIPTION) VALUES ('PRODUCT_FEATURE_CATEGORY_ADMIN','Permission to Administer a ProductFeatureCategory entity.');
INSERT INTO SECURITY_PERMISSION (PERMISSION_ID,DESCRIPTION) VALUES ('PRODUCT_FEATURE_CATEGORY_VIEW','Permission to View a ProductFeatureCategory entity.');
INSERT INTO SECURITY_PERMISSION (PERMISSION_ID,DESCRIPTION) VALUES ('PRODUCT_FEATURE_CATEGORY_CREATE','Permission to Create a ProductFeatureCategory entity.');
INSERT INTO SECURITY_PERMISSION (PERMISSION_ID,DESCRIPTION) VALUES ('PRODUCT_FEATURE_CATEGORY_UPDATE','Permission to Update a ProductFeatureCategory entity.');
INSERT INTO SECURITY_PERMISSION (PERMISSION_ID,DESCRIPTION) VALUES ('PRODUCT_FEATURE_CATEGORY_DELETE','Permission to Delete a ProductFeatureCategory entity.');

INSERT INTO SECURITY_GROUP_PERMISSION (GROUP_ID,PERMISSION_ID) VALUES ('FULLADMIN','PRODUCT_FEATURE_CATEGORY_ADMIN');
INSERT INTO SECURITY_GROUP_PERMISSION (GROUP_ID,PERMISSION_ID) VALUES ('FLEXADMIN','PRODUCT_FEATURE_CATEGORY_VIEW');
INSERT INTO SECURITY_GROUP_PERMISSION (GROUP_ID,PERMISSION_ID) VALUES ('FLEXADMIN','PRODUCT_FEATURE_CATEGORY_CREATE');
INSERT INTO SECURITY_GROUP_PERMISSION (GROUP_ID,PERMISSION_ID) VALUES ('FLEXADMIN','PRODUCT_FEATURE_CATEGORY_UPDATE');
INSERT INTO SECURITY_GROUP_PERMISSION (GROUP_ID,PERMISSION_ID) VALUES ('FLEXADMIN','PRODUCT_FEATURE_CATEGORY_DELETE');

INSERT INTO SECURITY_PERMISSION (PERMISSION_ID,DESCRIPTION) VALUES ('PRODUCT_FEATURE_APPL_ADMIN','Permission to Administer a ProductFeatureAppl entity.');
INSERT INTO SECURITY_PERMISSION (PERMISSION_ID,DESCRIPTION) VALUES ('PRODUCT_FEATURE_APPL_VIEW','Permission to View a ProductFeatureAppl entity.');
INSERT INTO SECURITY_PERMISSION (PERMISSION_ID,DESCRIPTION) VALUES ('PRODUCT_FEATURE_APPL_CREATE','Permission to Create a ProductFeatureAppl entity.');
INSERT INTO SECURITY_PERMISSION (PERMISSION_ID,DESCRIPTION) VALUES ('PRODUCT_FEATURE_APPL_UPDATE','Permission to Update a ProductFeatureAppl entity.');
INSERT INTO SECURITY_PERMISSION (PERMISSION_ID,DESCRIPTION) VALUES ('PRODUCT_FEATURE_APPL_DELETE','Permission to Delete a ProductFeatureAppl entity.');

INSERT INTO SECURITY_GROUP_PERMISSION (GROUP_ID,PERMISSION_ID) VALUES ('FULLADMIN','PRODUCT_FEATURE_APPL_ADMIN');
INSERT INTO SECURITY_GROUP_PERMISSION (GROUP_ID,PERMISSION_ID) VALUES ('FLEXADMIN','PRODUCT_FEATURE_APPL_VIEW');
INSERT INTO SECURITY_GROUP_PERMISSION (GROUP_ID,PERMISSION_ID) VALUES ('FLEXADMIN','PRODUCT_FEATURE_APPL_CREATE');
INSERT INTO SECURITY_GROUP_PERMISSION (GROUP_ID,PERMISSION_ID) VALUES ('FLEXADMIN','PRODUCT_FEATURE_APPL_UPDATE');
INSERT INTO SECURITY_GROUP_PERMISSION (GROUP_ID,PERMISSION_ID) VALUES ('FLEXADMIN','PRODUCT_FEATURE_APPL_DELETE');

INSERT INTO SECURITY_PERMISSION (PERMISSION_ID,DESCRIPTION) VALUES ('PRODUCT_FEATURE_APPL_TYPE_ADMIN','Permission to Administer a ProductFeatureApplType entity.');
INSERT INTO SECURITY_PERMISSION (PERMISSION_ID,DESCRIPTION) VALUES ('PRODUCT_FEATURE_APPL_TYPE_VIEW','Permission to View a ProductFeatureApplType entity.');
INSERT INTO SECURITY_PERMISSION (PERMISSION_ID,DESCRIPTION) VALUES ('PRODUCT_FEATURE_APPL_TYPE_CREATE','Permission to Create a ProductFeatureApplType entity.');
INSERT INTO SECURITY_PERMISSION (PERMISSION_ID,DESCRIPTION) VALUES ('PRODUCT_FEATURE_APPL_TYPE_UPDATE','Permission to Update a ProductFeatureApplType entity.');
INSERT INTO SECURITY_PERMISSION (PERMISSION_ID,DESCRIPTION) VALUES ('PRODUCT_FEATURE_APPL_TYPE_DELETE','Permission to Delete a ProductFeatureApplType entity.');

INSERT INTO SECURITY_GROUP_PERMISSION (GROUP_ID,PERMISSION_ID) VALUES ('FULLADMIN','PRODUCT_FEATURE_APPL_TYPE_ADMIN');
INSERT INTO SECURITY_GROUP_PERMISSION (GROUP_ID,PERMISSION_ID) VALUES ('FLEXADMIN','PRODUCT_FEATURE_APPL_TYPE_VIEW');
INSERT INTO SECURITY_GROUP_PERMISSION (GROUP_ID,PERMISSION_ID) VALUES ('FLEXADMIN','PRODUCT_FEATURE_APPL_TYPE_CREATE');
INSERT INTO SECURITY_GROUP_PERMISSION (GROUP_ID,PERMISSION_ID) VALUES ('FLEXADMIN','PRODUCT_FEATURE_APPL_TYPE_UPDATE');
INSERT INTO SECURITY_GROUP_PERMISSION (GROUP_ID,PERMISSION_ID) VALUES ('FLEXADMIN','PRODUCT_FEATURE_APPL_TYPE_DELETE');

INSERT INTO SECURITY_PERMISSION (PERMISSION_ID,DESCRIPTION) VALUES ('PRODUCT_FEATURE_IACTN_ADMIN','Permission to Administer a ProductFeatureIactn entity.');
INSERT INTO SECURITY_PERMISSION (PERMISSION_ID,DESCRIPTION) VALUES ('PRODUCT_FEATURE_IACTN_VIEW','Permission to View a ProductFeatureIactn entity.');
INSERT INTO SECURITY_PERMISSION (PERMISSION_ID,DESCRIPTION) VALUES ('PRODUCT_FEATURE_IACTN_CREATE','Permission to Create a ProductFeatureIactn entity.');
INSERT INTO SECURITY_PERMISSION (PERMISSION_ID,DESCRIPTION) VALUES ('PRODUCT_FEATURE_IACTN_UPDATE','Permission to Update a ProductFeatureIactn entity.');
INSERT INTO SECURITY_PERMISSION (PERMISSION_ID,DESCRIPTION) VALUES ('PRODUCT_FEATURE_IACTN_DELETE','Permission to Delete a ProductFeatureIactn entity.');

INSERT INTO SECURITY_GROUP_PERMISSION (GROUP_ID,PERMISSION_ID) VALUES ('FULLADMIN','PRODUCT_FEATURE_IACTN_ADMIN');
INSERT INTO SECURITY_GROUP_PERMISSION (GROUP_ID,PERMISSION_ID) VALUES ('FLEXADMIN','PRODUCT_FEATURE_IACTN_VIEW');
INSERT INTO SECURITY_GROUP_PERMISSION (GROUP_ID,PERMISSION_ID) VALUES ('FLEXADMIN','PRODUCT_FEATURE_IACTN_CREATE');
INSERT INTO SECURITY_GROUP_PERMISSION (GROUP_ID,PERMISSION_ID) VALUES ('FLEXADMIN','PRODUCT_FEATURE_IACTN_UPDATE');
INSERT INTO SECURITY_GROUP_PERMISSION (GROUP_ID,PERMISSION_ID) VALUES ('FLEXADMIN','PRODUCT_FEATURE_IACTN_DELETE');

INSERT INTO SECURITY_PERMISSION (PERMISSION_ID,DESCRIPTION) VALUES ('PRODUCT_FEATURE_IACTN_TYPE_ADMIN','Permission to Administer a ProductFeatureIactnType entity.');
INSERT INTO SECURITY_PERMISSION (PERMISSION_ID,DESCRIPTION) VALUES ('PRODUCT_FEATURE_IACTN_TYPE_VIEW','Permission to View a ProductFeatureIactnType entity.');
INSERT INTO SECURITY_PERMISSION (PERMISSION_ID,DESCRIPTION) VALUES ('PRODUCT_FEATURE_IACTN_TYPE_CREATE','Permission to Create a ProductFeatureIactnType entity.');
INSERT INTO SECURITY_PERMISSION (PERMISSION_ID,DESCRIPTION) VALUES ('PRODUCT_FEATURE_IACTN_TYPE_UPDATE','Permission to Update a ProductFeatureIactnType entity.');
INSERT INTO SECURITY_PERMISSION (PERMISSION_ID,DESCRIPTION) VALUES ('PRODUCT_FEATURE_IACTN_TYPE_DELETE','Permission to Delete a ProductFeatureIactnType entity.');

INSERT INTO SECURITY_GROUP_PERMISSION (GROUP_ID,PERMISSION_ID) VALUES ('FULLADMIN','PRODUCT_FEATURE_IACTN_TYPE_ADMIN');
INSERT INTO SECURITY_GROUP_PERMISSION (GROUP_ID,PERMISSION_ID) VALUES ('FLEXADMIN','PRODUCT_FEATURE_IACTN_TYPE_VIEW');
INSERT INTO SECURITY_GROUP_PERMISSION (GROUP_ID,PERMISSION_ID) VALUES ('FLEXADMIN','PRODUCT_FEATURE_IACTN_TYPE_CREATE');
INSERT INTO SECURITY_GROUP_PERMISSION (GROUP_ID,PERMISSION_ID) VALUES ('FLEXADMIN','PRODUCT_FEATURE_IACTN_TYPE_UPDATE');
INSERT INTO SECURITY_GROUP_PERMISSION (GROUP_ID,PERMISSION_ID) VALUES ('FLEXADMIN','PRODUCT_FEATURE_IACTN_TYPE_DELETE');

INSERT INTO SECURITY_PERMISSION (PERMISSION_ID,DESCRIPTION) VALUES ('FEATURE_DATA_OBJECT_ADMIN','Permission to Administer a FeatureDataObject entity.');
INSERT INTO SECURITY_PERMISSION (PERMISSION_ID,DESCRIPTION) VALUES ('FEATURE_DATA_OBJECT_VIEW','Permission to View a FeatureDataObject entity.');
INSERT INTO SECURITY_PERMISSION (PERMISSION_ID,DESCRIPTION) VALUES ('FEATURE_DATA_OBJECT_CREATE','Permission to Create a FeatureDataObject entity.');
INSERT INTO SECURITY_PERMISSION (PERMISSION_ID,DESCRIPTION) VALUES ('FEATURE_DATA_OBJECT_UPDATE','Permission to Update a FeatureDataObject entity.');
INSERT INTO SECURITY_PERMISSION (PERMISSION_ID,DESCRIPTION) VALUES ('FEATURE_DATA_OBJECT_DELETE','Permission to Delete a FeatureDataObject entity.');

INSERT INTO SECURITY_GROUP_PERMISSION (GROUP_ID,PERMISSION_ID) VALUES ('FULLADMIN','FEATURE_DATA_OBJECT_ADMIN');
INSERT INTO SECURITY_GROUP_PERMISSION (GROUP_ID,PERMISSION_ID) VALUES ('FLEXADMIN','FEATURE_DATA_OBJECT_VIEW');
INSERT INTO SECURITY_GROUP_PERMISSION (GROUP_ID,PERMISSION_ID) VALUES ('FLEXADMIN','FEATURE_DATA_OBJECT_CREATE');
INSERT INTO SECURITY_GROUP_PERMISSION (GROUP_ID,PERMISSION_ID) VALUES ('FLEXADMIN','FEATURE_DATA_OBJECT_UPDATE');
INSERT INTO SECURITY_GROUP_PERMISSION (GROUP_ID,PERMISSION_ID) VALUES ('FLEXADMIN','FEATURE_DATA_OBJECT_DELETE');

INSERT INTO SECURITY_PERMISSION (PERMISSION_ID,DESCRIPTION) VALUES ('COST_COMPONENT_ADMIN','Permission to Administer a CostComponent entity.');
INSERT INTO SECURITY_PERMISSION (PERMISSION_ID,DESCRIPTION) VALUES ('COST_COMPONENT_VIEW','Permission to View a CostComponent entity.');
INSERT INTO SECURITY_PERMISSION (PERMISSION_ID,DESCRIPTION) VALUES ('COST_COMPONENT_CREATE','Permission to Create a CostComponent entity.');
INSERT INTO SECURITY_PERMISSION (PERMISSION_ID,DESCRIPTION) VALUES ('COST_COMPONENT_UPDATE','Permission to Update a CostComponent entity.');
INSERT INTO SECURITY_PERMISSION (PERMISSION_ID,DESCRIPTION) VALUES ('COST_COMPONENT_DELETE','Permission to Delete a CostComponent entity.');

INSERT INTO SECURITY_GROUP_PERMISSION (GROUP_ID,PERMISSION_ID) VALUES ('FULLADMIN','COST_COMPONENT_ADMIN');
INSERT INTO SECURITY_GROUP_PERMISSION (GROUP_ID,PERMISSION_ID) VALUES ('FLEXADMIN','COST_COMPONENT_VIEW');
INSERT INTO SECURITY_GROUP_PERMISSION (GROUP_ID,PERMISSION_ID) VALUES ('FLEXADMIN','COST_COMPONENT_CREATE');
INSERT INTO SECURITY_GROUP_PERMISSION (GROUP_ID,PERMISSION_ID) VALUES ('FLEXADMIN','COST_COMPONENT_UPDATE');
INSERT INTO SECURITY_GROUP_PERMISSION (GROUP_ID,PERMISSION_ID) VALUES ('FLEXADMIN','COST_COMPONENT_DELETE');

INSERT INTO SECURITY_PERMISSION (PERMISSION_ID,DESCRIPTION) VALUES ('COST_COMPONENT_TYPE_ADMIN','Permission to Administer a CostComponentType entity.');
INSERT INTO SECURITY_PERMISSION (PERMISSION_ID,DESCRIPTION) VALUES ('COST_COMPONENT_TYPE_VIEW','Permission to View a CostComponentType entity.');
INSERT INTO SECURITY_PERMISSION (PERMISSION_ID,DESCRIPTION) VALUES ('COST_COMPONENT_TYPE_CREATE','Permission to Create a CostComponentType entity.');
INSERT INTO SECURITY_PERMISSION (PERMISSION_ID,DESCRIPTION) VALUES ('COST_COMPONENT_TYPE_UPDATE','Permission to Update a CostComponentType entity.');
INSERT INTO SECURITY_PERMISSION (PERMISSION_ID,DESCRIPTION) VALUES ('COST_COMPONENT_TYPE_DELETE','Permission to Delete a CostComponentType entity.');

INSERT INTO SECURITY_GROUP_PERMISSION (GROUP_ID,PERMISSION_ID) VALUES ('FULLADMIN','COST_COMPONENT_TYPE_ADMIN');
INSERT INTO SECURITY_GROUP_PERMISSION (GROUP_ID,PERMISSION_ID) VALUES ('FLEXADMIN','COST_COMPONENT_TYPE_VIEW');
INSERT INTO SECURITY_GROUP_PERMISSION (GROUP_ID,PERMISSION_ID) VALUES ('FLEXADMIN','COST_COMPONENT_TYPE_CREATE');
INSERT INTO SECURITY_GROUP_PERMISSION (GROUP_ID,PERMISSION_ID) VALUES ('FLEXADMIN','COST_COMPONENT_TYPE_UPDATE');
INSERT INTO SECURITY_GROUP_PERMISSION (GROUP_ID,PERMISSION_ID) VALUES ('FLEXADMIN','COST_COMPONENT_TYPE_DELETE');

INSERT INTO SECURITY_PERMISSION (PERMISSION_ID,DESCRIPTION) VALUES ('COST_COMPONENT_ATTRIBUTE_ADMIN','Permission to Administer a CostComponentAttribute entity.');
INSERT INTO SECURITY_PERMISSION (PERMISSION_ID,DESCRIPTION) VALUES ('COST_COMPONENT_ATTRIBUTE_VIEW','Permission to View a CostComponentAttribute entity.');
INSERT INTO SECURITY_PERMISSION (PERMISSION_ID,DESCRIPTION) VALUES ('COST_COMPONENT_ATTRIBUTE_CREATE','Permission to Create a CostComponentAttribute entity.');
INSERT INTO SECURITY_PERMISSION (PERMISSION_ID,DESCRIPTION) VALUES ('COST_COMPONENT_ATTRIBUTE_UPDATE','Permission to Update a CostComponentAttribute entity.');
INSERT INTO SECURITY_PERMISSION (PERMISSION_ID,DESCRIPTION) VALUES ('COST_COMPONENT_ATTRIBUTE_DELETE','Permission to Delete a CostComponentAttribute entity.');

INSERT INTO SECURITY_GROUP_PERMISSION (GROUP_ID,PERMISSION_ID) VALUES ('FULLADMIN','COST_COMPONENT_ATTRIBUTE_ADMIN');
INSERT INTO SECURITY_GROUP_PERMISSION (GROUP_ID,PERMISSION_ID) VALUES ('FLEXADMIN','COST_COMPONENT_ATTRIBUTE_VIEW');
INSERT INTO SECURITY_GROUP_PERMISSION (GROUP_ID,PERMISSION_ID) VALUES ('FLEXADMIN','COST_COMPONENT_ATTRIBUTE_CREATE');
INSERT INTO SECURITY_GROUP_PERMISSION (GROUP_ID,PERMISSION_ID) VALUES ('FLEXADMIN','COST_COMPONENT_ATTRIBUTE_UPDATE');
INSERT INTO SECURITY_GROUP_PERMISSION (GROUP_ID,PERMISSION_ID) VALUES ('FLEXADMIN','COST_COMPONENT_ATTRIBUTE_DELETE');

INSERT INTO SECURITY_PERMISSION (PERMISSION_ID,DESCRIPTION) VALUES ('COST_COMPONENT_TYPE_ATTR_ADMIN','Permission to Administer a CostComponentTypeAttr entity.');
INSERT INTO SECURITY_PERMISSION (PERMISSION_ID,DESCRIPTION) VALUES ('COST_COMPONENT_TYPE_ATTR_VIEW','Permission to View a CostComponentTypeAttr entity.');
INSERT INTO SECURITY_PERMISSION (PERMISSION_ID,DESCRIPTION) VALUES ('COST_COMPONENT_TYPE_ATTR_CREATE','Permission to Create a CostComponentTypeAttr entity.');
INSERT INTO SECURITY_PERMISSION (PERMISSION_ID,DESCRIPTION) VALUES ('COST_COMPONENT_TYPE_ATTR_UPDATE','Permission to Update a CostComponentTypeAttr entity.');
INSERT INTO SECURITY_PERMISSION (PERMISSION_ID,DESCRIPTION) VALUES ('COST_COMPONENT_TYPE_ATTR_DELETE','Permission to Delete a CostComponentTypeAttr entity.');

INSERT INTO SECURITY_GROUP_PERMISSION (GROUP_ID,PERMISSION_ID) VALUES ('FULLADMIN','COST_COMPONENT_TYPE_ATTR_ADMIN');
INSERT INTO SECURITY_GROUP_PERMISSION (GROUP_ID,PERMISSION_ID) VALUES ('FLEXADMIN','COST_COMPONENT_TYPE_ATTR_VIEW');
INSERT INTO SECURITY_GROUP_PERMISSION (GROUP_ID,PERMISSION_ID) VALUES ('FLEXADMIN','COST_COMPONENT_TYPE_ATTR_CREATE');
INSERT INTO SECURITY_GROUP_PERMISSION (GROUP_ID,PERMISSION_ID) VALUES ('FLEXADMIN','COST_COMPONENT_TYPE_ATTR_UPDATE');
INSERT INTO SECURITY_GROUP_PERMISSION (GROUP_ID,PERMISSION_ID) VALUES ('FLEXADMIN','COST_COMPONENT_TYPE_ATTR_DELETE');

INSERT INTO SECURITY_PERMISSION (PERMISSION_ID,DESCRIPTION) VALUES ('PRICE_COMPONENT_ADMIN','Permission to Administer a PriceComponent entity.');
INSERT INTO SECURITY_PERMISSION (PERMISSION_ID,DESCRIPTION) VALUES ('PRICE_COMPONENT_VIEW','Permission to View a PriceComponent entity.');
INSERT INTO SECURITY_PERMISSION (PERMISSION_ID,DESCRIPTION) VALUES ('PRICE_COMPONENT_CREATE','Permission to Create a PriceComponent entity.');
INSERT INTO SECURITY_PERMISSION (PERMISSION_ID,DESCRIPTION) VALUES ('PRICE_COMPONENT_UPDATE','Permission to Update a PriceComponent entity.');
INSERT INTO SECURITY_PERMISSION (PERMISSION_ID,DESCRIPTION) VALUES ('PRICE_COMPONENT_DELETE','Permission to Delete a PriceComponent entity.');

INSERT INTO SECURITY_GROUP_PERMISSION (GROUP_ID,PERMISSION_ID) VALUES ('FULLADMIN','PRICE_COMPONENT_ADMIN');
INSERT INTO SECURITY_GROUP_PERMISSION (GROUP_ID,PERMISSION_ID) VALUES ('FLEXADMIN','PRICE_COMPONENT_VIEW');
INSERT INTO SECURITY_GROUP_PERMISSION (GROUP_ID,PERMISSION_ID) VALUES ('FLEXADMIN','PRICE_COMPONENT_CREATE');
INSERT INTO SECURITY_GROUP_PERMISSION (GROUP_ID,PERMISSION_ID) VALUES ('FLEXADMIN','PRICE_COMPONENT_UPDATE');
INSERT INTO SECURITY_GROUP_PERMISSION (GROUP_ID,PERMISSION_ID) VALUES ('FLEXADMIN','PRICE_COMPONENT_DELETE');

INSERT INTO SECURITY_PERMISSION (PERMISSION_ID,DESCRIPTION) VALUES ('PRICE_COMPONENT_TYPE_ADMIN','Permission to Administer a PriceComponentType entity.');
INSERT INTO SECURITY_PERMISSION (PERMISSION_ID,DESCRIPTION) VALUES ('PRICE_COMPONENT_TYPE_VIEW','Permission to View a PriceComponentType entity.');
INSERT INTO SECURITY_PERMISSION (PERMISSION_ID,DESCRIPTION) VALUES ('PRICE_COMPONENT_TYPE_CREATE','Permission to Create a PriceComponentType entity.');
INSERT INTO SECURITY_PERMISSION (PERMISSION_ID,DESCRIPTION) VALUES ('PRICE_COMPONENT_TYPE_UPDATE','Permission to Update a PriceComponentType entity.');
INSERT INTO SECURITY_PERMISSION (PERMISSION_ID,DESCRIPTION) VALUES ('PRICE_COMPONENT_TYPE_DELETE','Permission to Delete a PriceComponentType entity.');

INSERT INTO SECURITY_GROUP_PERMISSION (GROUP_ID,PERMISSION_ID) VALUES ('FULLADMIN','PRICE_COMPONENT_TYPE_ADMIN');
INSERT INTO SECURITY_GROUP_PERMISSION (GROUP_ID,PERMISSION_ID) VALUES ('FLEXADMIN','PRICE_COMPONENT_TYPE_VIEW');
INSERT INTO SECURITY_GROUP_PERMISSION (GROUP_ID,PERMISSION_ID) VALUES ('FLEXADMIN','PRICE_COMPONENT_TYPE_CREATE');
INSERT INTO SECURITY_GROUP_PERMISSION (GROUP_ID,PERMISSION_ID) VALUES ('FLEXADMIN','PRICE_COMPONENT_TYPE_UPDATE');
INSERT INTO SECURITY_GROUP_PERMISSION (GROUP_ID,PERMISSION_ID) VALUES ('FLEXADMIN','PRICE_COMPONENT_TYPE_DELETE');

INSERT INTO SECURITY_PERMISSION (PERMISSION_ID,DESCRIPTION) VALUES ('PRICE_COMPONENT_ATTRIBUTE_ADMIN','Permission to Administer a PriceComponentAttribute entity.');
INSERT INTO SECURITY_PERMISSION (PERMISSION_ID,DESCRIPTION) VALUES ('PRICE_COMPONENT_ATTRIBUTE_VIEW','Permission to View a PriceComponentAttribute entity.');
INSERT INTO SECURITY_PERMISSION (PERMISSION_ID,DESCRIPTION) VALUES ('PRICE_COMPONENT_ATTRIBUTE_CREATE','Permission to Create a PriceComponentAttribute entity.');
INSERT INTO SECURITY_PERMISSION (PERMISSION_ID,DESCRIPTION) VALUES ('PRICE_COMPONENT_ATTRIBUTE_UPDATE','Permission to Update a PriceComponentAttribute entity.');
INSERT INTO SECURITY_PERMISSION (PERMISSION_ID,DESCRIPTION) VALUES ('PRICE_COMPONENT_ATTRIBUTE_DELETE','Permission to Delete a PriceComponentAttribute entity.');

INSERT INTO SECURITY_GROUP_PERMISSION (GROUP_ID,PERMISSION_ID) VALUES ('FULLADMIN','PRICE_COMPONENT_ATTRIBUTE_ADMIN');
INSERT INTO SECURITY_GROUP_PERMISSION (GROUP_ID,PERMISSION_ID) VALUES ('FLEXADMIN','PRICE_COMPONENT_ATTRIBUTE_VIEW');
INSERT INTO SECURITY_GROUP_PERMISSION (GROUP_ID,PERMISSION_ID) VALUES ('FLEXADMIN','PRICE_COMPONENT_ATTRIBUTE_CREATE');
INSERT INTO SECURITY_GROUP_PERMISSION (GROUP_ID,PERMISSION_ID) VALUES ('FLEXADMIN','PRICE_COMPONENT_ATTRIBUTE_UPDATE');
INSERT INTO SECURITY_GROUP_PERMISSION (GROUP_ID,PERMISSION_ID) VALUES ('FLEXADMIN','PRICE_COMPONENT_ATTRIBUTE_DELETE');

INSERT INTO SECURITY_PERMISSION (PERMISSION_ID,DESCRIPTION) VALUES ('PRICE_COMPONENT_TYPE_ATTR_ADMIN','Permission to Administer a PriceComponentTypeAttr entity.');
INSERT INTO SECURITY_PERMISSION (PERMISSION_ID,DESCRIPTION) VALUES ('PRICE_COMPONENT_TYPE_ATTR_VIEW','Permission to View a PriceComponentTypeAttr entity.');
INSERT INTO SECURITY_PERMISSION (PERMISSION_ID,DESCRIPTION) VALUES ('PRICE_COMPONENT_TYPE_ATTR_CREATE','Permission to Create a PriceComponentTypeAttr entity.');
INSERT INTO SECURITY_PERMISSION (PERMISSION_ID,DESCRIPTION) VALUES ('PRICE_COMPONENT_TYPE_ATTR_UPDATE','Permission to Update a PriceComponentTypeAttr entity.');
INSERT INTO SECURITY_PERMISSION (PERMISSION_ID,DESCRIPTION) VALUES ('PRICE_COMPONENT_TYPE_ATTR_DELETE','Permission to Delete a PriceComponentTypeAttr entity.');

INSERT INTO SECURITY_GROUP_PERMISSION (GROUP_ID,PERMISSION_ID) VALUES ('FULLADMIN','PRICE_COMPONENT_TYPE_ATTR_ADMIN');
INSERT INTO SECURITY_GROUP_PERMISSION (GROUP_ID,PERMISSION_ID) VALUES ('FLEXADMIN','PRICE_COMPONENT_TYPE_ATTR_VIEW');
INSERT INTO SECURITY_GROUP_PERMISSION (GROUP_ID,PERMISSION_ID) VALUES ('FLEXADMIN','PRICE_COMPONENT_TYPE_ATTR_CREATE');
INSERT INTO SECURITY_GROUP_PERMISSION (GROUP_ID,PERMISSION_ID) VALUES ('FLEXADMIN','PRICE_COMPONENT_TYPE_ATTR_UPDATE');
INSERT INTO SECURITY_GROUP_PERMISSION (GROUP_ID,PERMISSION_ID) VALUES ('FLEXADMIN','PRICE_COMPONENT_TYPE_ATTR_DELETE');

INSERT INTO SECURITY_PERMISSION (PERMISSION_ID,DESCRIPTION) VALUES ('QUANTITY_BREAK_ADMIN','Permission to Administer a QuantityBreak entity.');
INSERT INTO SECURITY_PERMISSION (PERMISSION_ID,DESCRIPTION) VALUES ('QUANTITY_BREAK_VIEW','Permission to View a QuantityBreak entity.');
INSERT INTO SECURITY_PERMISSION (PERMISSION_ID,DESCRIPTION) VALUES ('QUANTITY_BREAK_CREATE','Permission to Create a QuantityBreak entity.');
INSERT INTO SECURITY_PERMISSION (PERMISSION_ID,DESCRIPTION) VALUES ('QUANTITY_BREAK_UPDATE','Permission to Update a QuantityBreak entity.');
INSERT INTO SECURITY_PERMISSION (PERMISSION_ID,DESCRIPTION) VALUES ('QUANTITY_BREAK_DELETE','Permission to Delete a QuantityBreak entity.');

INSERT INTO SECURITY_GROUP_PERMISSION (GROUP_ID,PERMISSION_ID) VALUES ('FULLADMIN','QUANTITY_BREAK_ADMIN');
INSERT INTO SECURITY_GROUP_PERMISSION (GROUP_ID,PERMISSION_ID) VALUES ('FLEXADMIN','QUANTITY_BREAK_VIEW');
INSERT INTO SECURITY_GROUP_PERMISSION (GROUP_ID,PERMISSION_ID) VALUES ('FLEXADMIN','QUANTITY_BREAK_CREATE');
INSERT INTO SECURITY_GROUP_PERMISSION (GROUP_ID,PERMISSION_ID) VALUES ('FLEXADMIN','QUANTITY_BREAK_UPDATE');
INSERT INTO SECURITY_GROUP_PERMISSION (GROUP_ID,PERMISSION_ID) VALUES ('FLEXADMIN','QUANTITY_BREAK_DELETE');

INSERT INTO SECURITY_PERMISSION (PERMISSION_ID,DESCRIPTION) VALUES ('ORDER_VALUE_BREAK_ADMIN','Permission to Administer a OrderValueBreak entity.');
INSERT INTO SECURITY_PERMISSION (PERMISSION_ID,DESCRIPTION) VALUES ('ORDER_VALUE_BREAK_VIEW','Permission to View a OrderValueBreak entity.');
INSERT INTO SECURITY_PERMISSION (PERMISSION_ID,DESCRIPTION) VALUES ('ORDER_VALUE_BREAK_CREATE','Permission to Create a OrderValueBreak entity.');
INSERT INTO SECURITY_PERMISSION (PERMISSION_ID,DESCRIPTION) VALUES ('ORDER_VALUE_BREAK_UPDATE','Permission to Update a OrderValueBreak entity.');
INSERT INTO SECURITY_PERMISSION (PERMISSION_ID,DESCRIPTION) VALUES ('ORDER_VALUE_BREAK_DELETE','Permission to Delete a OrderValueBreak entity.');

INSERT INTO SECURITY_GROUP_PERMISSION (GROUP_ID,PERMISSION_ID) VALUES ('FULLADMIN','ORDER_VALUE_BREAK_ADMIN');
INSERT INTO SECURITY_GROUP_PERMISSION (GROUP_ID,PERMISSION_ID) VALUES ('FLEXADMIN','ORDER_VALUE_BREAK_VIEW');
INSERT INTO SECURITY_GROUP_PERMISSION (GROUP_ID,PERMISSION_ID) VALUES ('FLEXADMIN','ORDER_VALUE_BREAK_CREATE');
INSERT INTO SECURITY_GROUP_PERMISSION (GROUP_ID,PERMISSION_ID) VALUES ('FLEXADMIN','ORDER_VALUE_BREAK_UPDATE');
INSERT INTO SECURITY_GROUP_PERMISSION (GROUP_ID,PERMISSION_ID) VALUES ('FLEXADMIN','ORDER_VALUE_BREAK_DELETE');

INSERT INTO SECURITY_PERMISSION (PERMISSION_ID,DESCRIPTION) VALUES ('SALE_TYPE_ADMIN','Permission to Administer a SaleType entity.');
INSERT INTO SECURITY_PERMISSION (PERMISSION_ID,DESCRIPTION) VALUES ('SALE_TYPE_VIEW','Permission to View a SaleType entity.');
INSERT INTO SECURITY_PERMISSION (PERMISSION_ID,DESCRIPTION) VALUES ('SALE_TYPE_CREATE','Permission to Create a SaleType entity.');
INSERT INTO SECURITY_PERMISSION (PERMISSION_ID,DESCRIPTION) VALUES ('SALE_TYPE_UPDATE','Permission to Update a SaleType entity.');
INSERT INTO SECURITY_PERMISSION (PERMISSION_ID,DESCRIPTION) VALUES ('SALE_TYPE_DELETE','Permission to Delete a SaleType entity.');

INSERT INTO SECURITY_GROUP_PERMISSION (GROUP_ID,PERMISSION_ID) VALUES ('FULLADMIN','SALE_TYPE_ADMIN');
INSERT INTO SECURITY_GROUP_PERMISSION (GROUP_ID,PERMISSION_ID) VALUES ('FLEXADMIN','SALE_TYPE_VIEW');
INSERT INTO SECURITY_GROUP_PERMISSION (GROUP_ID,PERMISSION_ID) VALUES ('FLEXADMIN','SALE_TYPE_CREATE');
INSERT INTO SECURITY_GROUP_PERMISSION (GROUP_ID,PERMISSION_ID) VALUES ('FLEXADMIN','SALE_TYPE_UPDATE');
INSERT INTO SECURITY_GROUP_PERMISSION (GROUP_ID,PERMISSION_ID) VALUES ('FLEXADMIN','SALE_TYPE_DELETE');

INSERT INTO SECURITY_PERMISSION (PERMISSION_ID,DESCRIPTION) VALUES ('INVENTORY_ITEM_ADMIN','Permission to Administer a InventoryItem entity.');
INSERT INTO SECURITY_PERMISSION (PERMISSION_ID,DESCRIPTION) VALUES ('INVENTORY_ITEM_VIEW','Permission to View a InventoryItem entity.');
INSERT INTO SECURITY_PERMISSION (PERMISSION_ID,DESCRIPTION) VALUES ('INVENTORY_ITEM_CREATE','Permission to Create a InventoryItem entity.');
INSERT INTO SECURITY_PERMISSION (PERMISSION_ID,DESCRIPTION) VALUES ('INVENTORY_ITEM_UPDATE','Permission to Update a InventoryItem entity.');
INSERT INTO SECURITY_PERMISSION (PERMISSION_ID,DESCRIPTION) VALUES ('INVENTORY_ITEM_DELETE','Permission to Delete a InventoryItem entity.');

INSERT INTO SECURITY_GROUP_PERMISSION (GROUP_ID,PERMISSION_ID) VALUES ('FULLADMIN','INVENTORY_ITEM_ADMIN');
INSERT INTO SECURITY_GROUP_PERMISSION (GROUP_ID,PERMISSION_ID) VALUES ('FLEXADMIN','INVENTORY_ITEM_VIEW');
INSERT INTO SECURITY_GROUP_PERMISSION (GROUP_ID,PERMISSION_ID) VALUES ('FLEXADMIN','INVENTORY_ITEM_CREATE');
INSERT INTO SECURITY_GROUP_PERMISSION (GROUP_ID,PERMISSION_ID) VALUES ('FLEXADMIN','INVENTORY_ITEM_UPDATE');
INSERT INTO SECURITY_GROUP_PERMISSION (GROUP_ID,PERMISSION_ID) VALUES ('FLEXADMIN','INVENTORY_ITEM_DELETE');

INSERT INTO SECURITY_PERMISSION (PERMISSION_ID,DESCRIPTION) VALUES ('INVENTORY_ITEM_TYPE_ADMIN','Permission to Administer a InventoryItemType entity.');
INSERT INTO SECURITY_PERMISSION (PERMISSION_ID,DESCRIPTION) VALUES ('INVENTORY_ITEM_TYPE_VIEW','Permission to View a InventoryItemType entity.');
INSERT INTO SECURITY_PERMISSION (PERMISSION_ID,DESCRIPTION) VALUES ('INVENTORY_ITEM_TYPE_CREATE','Permission to Create a InventoryItemType entity.');
INSERT INTO SECURITY_PERMISSION (PERMISSION_ID,DESCRIPTION) VALUES ('INVENTORY_ITEM_TYPE_UPDATE','Permission to Update a InventoryItemType entity.');
INSERT INTO SECURITY_PERMISSION (PERMISSION_ID,DESCRIPTION) VALUES ('INVENTORY_ITEM_TYPE_DELETE','Permission to Delete a InventoryItemType entity.');

INSERT INTO SECURITY_GROUP_PERMISSION (GROUP_ID,PERMISSION_ID) VALUES ('FULLADMIN','INVENTORY_ITEM_TYPE_ADMIN');
INSERT INTO SECURITY_GROUP_PERMISSION (GROUP_ID,PERMISSION_ID) VALUES ('FLEXADMIN','INVENTORY_ITEM_TYPE_VIEW');
INSERT INTO SECURITY_GROUP_PERMISSION (GROUP_ID,PERMISSION_ID) VALUES ('FLEXADMIN','INVENTORY_ITEM_TYPE_CREATE');
INSERT INTO SECURITY_GROUP_PERMISSION (GROUP_ID,PERMISSION_ID) VALUES ('FLEXADMIN','INVENTORY_ITEM_TYPE_UPDATE');
INSERT INTO SECURITY_GROUP_PERMISSION (GROUP_ID,PERMISSION_ID) VALUES ('FLEXADMIN','INVENTORY_ITEM_TYPE_DELETE');

INSERT INTO SECURITY_PERMISSION (PERMISSION_ID,DESCRIPTION) VALUES ('INVENTORY_ITEM_ATTRIBUTE_ADMIN','Permission to Administer a InventoryItemAttribute entity.');
INSERT INTO SECURITY_PERMISSION (PERMISSION_ID,DESCRIPTION) VALUES ('INVENTORY_ITEM_ATTRIBUTE_VIEW','Permission to View a InventoryItemAttribute entity.');
INSERT INTO SECURITY_PERMISSION (PERMISSION_ID,DESCRIPTION) VALUES ('INVENTORY_ITEM_ATTRIBUTE_CREATE','Permission to Create a InventoryItemAttribute entity.');
INSERT INTO SECURITY_PERMISSION (PERMISSION_ID,DESCRIPTION) VALUES ('INVENTORY_ITEM_ATTRIBUTE_UPDATE','Permission to Update a InventoryItemAttribute entity.');
INSERT INTO SECURITY_PERMISSION (PERMISSION_ID,DESCRIPTION) VALUES ('INVENTORY_ITEM_ATTRIBUTE_DELETE','Permission to Delete a InventoryItemAttribute entity.');

INSERT INTO SECURITY_GROUP_PERMISSION (GROUP_ID,PERMISSION_ID) VALUES ('FULLADMIN','INVENTORY_ITEM_ATTRIBUTE_ADMIN');
INSERT INTO SECURITY_GROUP_PERMISSION (GROUP_ID,PERMISSION_ID) VALUES ('FLEXADMIN','INVENTORY_ITEM_ATTRIBUTE_VIEW');
INSERT INTO SECURITY_GROUP_PERMISSION (GROUP_ID,PERMISSION_ID) VALUES ('FLEXADMIN','INVENTORY_ITEM_ATTRIBUTE_CREATE');
INSERT INTO SECURITY_GROUP_PERMISSION (GROUP_ID,PERMISSION_ID) VALUES ('FLEXADMIN','INVENTORY_ITEM_ATTRIBUTE_UPDATE');
INSERT INTO SECURITY_GROUP_PERMISSION (GROUP_ID,PERMISSION_ID) VALUES ('FLEXADMIN','INVENTORY_ITEM_ATTRIBUTE_DELETE');

INSERT INTO SECURITY_PERMISSION (PERMISSION_ID,DESCRIPTION) VALUES ('INVENTORY_ITEM_TYPE_ATTR_ADMIN','Permission to Administer a InventoryItemTypeAttr entity.');
INSERT INTO SECURITY_PERMISSION (PERMISSION_ID,DESCRIPTION) VALUES ('INVENTORY_ITEM_TYPE_ATTR_VIEW','Permission to View a InventoryItemTypeAttr entity.');
INSERT INTO SECURITY_PERMISSION (PERMISSION_ID,DESCRIPTION) VALUES ('INVENTORY_ITEM_TYPE_ATTR_CREATE','Permission to Create a InventoryItemTypeAttr entity.');
INSERT INTO SECURITY_PERMISSION (PERMISSION_ID,DESCRIPTION) VALUES ('INVENTORY_ITEM_TYPE_ATTR_UPDATE','Permission to Update a InventoryItemTypeAttr entity.');
INSERT INTO SECURITY_PERMISSION (PERMISSION_ID,DESCRIPTION) VALUES ('INVENTORY_ITEM_TYPE_ATTR_DELETE','Permission to Delete a InventoryItemTypeAttr entity.');

INSERT INTO SECURITY_GROUP_PERMISSION (GROUP_ID,PERMISSION_ID) VALUES ('FULLADMIN','INVENTORY_ITEM_TYPE_ATTR_ADMIN');
INSERT INTO SECURITY_GROUP_PERMISSION (GROUP_ID,PERMISSION_ID) VALUES ('FLEXADMIN','INVENTORY_ITEM_TYPE_ATTR_VIEW');
INSERT INTO SECURITY_GROUP_PERMISSION (GROUP_ID,PERMISSION_ID) VALUES ('FLEXADMIN','INVENTORY_ITEM_TYPE_ATTR_CREATE');
INSERT INTO SECURITY_GROUP_PERMISSION (GROUP_ID,PERMISSION_ID) VALUES ('FLEXADMIN','INVENTORY_ITEM_TYPE_ATTR_UPDATE');
INSERT INTO SECURITY_GROUP_PERMISSION (GROUP_ID,PERMISSION_ID) VALUES ('FLEXADMIN','INVENTORY_ITEM_TYPE_ATTR_DELETE');

INSERT INTO SECURITY_PERMISSION (PERMISSION_ID,DESCRIPTION) VALUES ('PHYSICAL_INVENTORY_ADMIN','Permission to Administer a PhysicalInventory entity.');
INSERT INTO SECURITY_PERMISSION (PERMISSION_ID,DESCRIPTION) VALUES ('PHYSICAL_INVENTORY_VIEW','Permission to View a PhysicalInventory entity.');
INSERT INTO SECURITY_PERMISSION (PERMISSION_ID,DESCRIPTION) VALUES ('PHYSICAL_INVENTORY_CREATE','Permission to Create a PhysicalInventory entity.');
INSERT INTO SECURITY_PERMISSION (PERMISSION_ID,DESCRIPTION) VALUES ('PHYSICAL_INVENTORY_UPDATE','Permission to Update a PhysicalInventory entity.');
INSERT INTO SECURITY_PERMISSION (PERMISSION_ID,DESCRIPTION) VALUES ('PHYSICAL_INVENTORY_DELETE','Permission to Delete a PhysicalInventory entity.');

INSERT INTO SECURITY_GROUP_PERMISSION (GROUP_ID,PERMISSION_ID) VALUES ('FULLADMIN','PHYSICAL_INVENTORY_ADMIN');
INSERT INTO SECURITY_GROUP_PERMISSION (GROUP_ID,PERMISSION_ID) VALUES ('FLEXADMIN','PHYSICAL_INVENTORY_VIEW');
INSERT INTO SECURITY_GROUP_PERMISSION (GROUP_ID,PERMISSION_ID) VALUES ('FLEXADMIN','PHYSICAL_INVENTORY_CREATE');
INSERT INTO SECURITY_GROUP_PERMISSION (GROUP_ID,PERMISSION_ID) VALUES ('FLEXADMIN','PHYSICAL_INVENTORY_UPDATE');
INSERT INTO SECURITY_GROUP_PERMISSION (GROUP_ID,PERMISSION_ID) VALUES ('FLEXADMIN','PHYSICAL_INVENTORY_DELETE');

INSERT INTO SECURITY_PERMISSION (PERMISSION_ID,DESCRIPTION) VALUES ('INVENTORY_ITEM_VARIANCE_ADMIN','Permission to Administer a InventoryItemVariance entity.');
INSERT INTO SECURITY_PERMISSION (PERMISSION_ID,DESCRIPTION) VALUES ('INVENTORY_ITEM_VARIANCE_VIEW','Permission to View a InventoryItemVariance entity.');
INSERT INTO SECURITY_PERMISSION (PERMISSION_ID,DESCRIPTION) VALUES ('INVENTORY_ITEM_VARIANCE_CREATE','Permission to Create a InventoryItemVariance entity.');
INSERT INTO SECURITY_PERMISSION (PERMISSION_ID,DESCRIPTION) VALUES ('INVENTORY_ITEM_VARIANCE_UPDATE','Permission to Update a InventoryItemVariance entity.');
INSERT INTO SECURITY_PERMISSION (PERMISSION_ID,DESCRIPTION) VALUES ('INVENTORY_ITEM_VARIANCE_DELETE','Permission to Delete a InventoryItemVariance entity.');

INSERT INTO SECURITY_GROUP_PERMISSION (GROUP_ID,PERMISSION_ID) VALUES ('FULLADMIN','INVENTORY_ITEM_VARIANCE_ADMIN');
INSERT INTO SECURITY_GROUP_PERMISSION (GROUP_ID,PERMISSION_ID) VALUES ('FLEXADMIN','INVENTORY_ITEM_VARIANCE_VIEW');
INSERT INTO SECURITY_GROUP_PERMISSION (GROUP_ID,PERMISSION_ID) VALUES ('FLEXADMIN','INVENTORY_ITEM_VARIANCE_CREATE');
INSERT INTO SECURITY_GROUP_PERMISSION (GROUP_ID,PERMISSION_ID) VALUES ('FLEXADMIN','INVENTORY_ITEM_VARIANCE_UPDATE');
INSERT INTO SECURITY_GROUP_PERMISSION (GROUP_ID,PERMISSION_ID) VALUES ('FLEXADMIN','INVENTORY_ITEM_VARIANCE_DELETE');

INSERT INTO SECURITY_PERMISSION (PERMISSION_ID,DESCRIPTION) VALUES ('VARIANCE_REASON_ADMIN','Permission to Administer a VarianceReason entity.');
INSERT INTO SECURITY_PERMISSION (PERMISSION_ID,DESCRIPTION) VALUES ('VARIANCE_REASON_VIEW','Permission to View a VarianceReason entity.');
INSERT INTO SECURITY_PERMISSION (PERMISSION_ID,DESCRIPTION) VALUES ('VARIANCE_REASON_CREATE','Permission to Create a VarianceReason entity.');
INSERT INTO SECURITY_PERMISSION (PERMISSION_ID,DESCRIPTION) VALUES ('VARIANCE_REASON_UPDATE','Permission to Update a VarianceReason entity.');
INSERT INTO SECURITY_PERMISSION (PERMISSION_ID,DESCRIPTION) VALUES ('VARIANCE_REASON_DELETE','Permission to Delete a VarianceReason entity.');

INSERT INTO SECURITY_GROUP_PERMISSION (GROUP_ID,PERMISSION_ID) VALUES ('FULLADMIN','VARIANCE_REASON_ADMIN');
INSERT INTO SECURITY_GROUP_PERMISSION (GROUP_ID,PERMISSION_ID) VALUES ('FLEXADMIN','VARIANCE_REASON_VIEW');
INSERT INTO SECURITY_GROUP_PERMISSION (GROUP_ID,PERMISSION_ID) VALUES ('FLEXADMIN','VARIANCE_REASON_CREATE');
INSERT INTO SECURITY_GROUP_PERMISSION (GROUP_ID,PERMISSION_ID) VALUES ('FLEXADMIN','VARIANCE_REASON_UPDATE');
INSERT INTO SECURITY_GROUP_PERMISSION (GROUP_ID,PERMISSION_ID) VALUES ('FLEXADMIN','VARIANCE_REASON_DELETE');

INSERT INTO SECURITY_PERMISSION (PERMISSION_ID,DESCRIPTION) VALUES ('ITEM_VARIANCE_ACCTG_TRANS_ADMIN','Permission to Administer a ItemVarianceAcctgTrans entity.');
INSERT INTO SECURITY_PERMISSION (PERMISSION_ID,DESCRIPTION) VALUES ('ITEM_VARIANCE_ACCTG_TRANS_VIEW','Permission to View a ItemVarianceAcctgTrans entity.');
INSERT INTO SECURITY_PERMISSION (PERMISSION_ID,DESCRIPTION) VALUES ('ITEM_VARIANCE_ACCTG_TRANS_CREATE','Permission to Create a ItemVarianceAcctgTrans entity.');
INSERT INTO SECURITY_PERMISSION (PERMISSION_ID,DESCRIPTION) VALUES ('ITEM_VARIANCE_ACCTG_TRANS_UPDATE','Permission to Update a ItemVarianceAcctgTrans entity.');
INSERT INTO SECURITY_PERMISSION (PERMISSION_ID,DESCRIPTION) VALUES ('ITEM_VARIANCE_ACCTG_TRANS_DELETE','Permission to Delete a ItemVarianceAcctgTrans entity.');

INSERT INTO SECURITY_GROUP_PERMISSION (GROUP_ID,PERMISSION_ID) VALUES ('FULLADMIN','ITEM_VARIANCE_ACCTG_TRANS_ADMIN');
INSERT INTO SECURITY_GROUP_PERMISSION (GROUP_ID,PERMISSION_ID) VALUES ('FLEXADMIN','ITEM_VARIANCE_ACCTG_TRANS_VIEW');
INSERT INTO SECURITY_GROUP_PERMISSION (GROUP_ID,PERMISSION_ID) VALUES ('FLEXADMIN','ITEM_VARIANCE_ACCTG_TRANS_CREATE');
INSERT INTO SECURITY_GROUP_PERMISSION (GROUP_ID,PERMISSION_ID) VALUES ('FLEXADMIN','ITEM_VARIANCE_ACCTG_TRANS_UPDATE');
INSERT INTO SECURITY_GROUP_PERMISSION (GROUP_ID,PERMISSION_ID) VALUES ('FLEXADMIN','ITEM_VARIANCE_ACCTG_TRANS_DELETE');

INSERT INTO SECURITY_PERMISSION (PERMISSION_ID,DESCRIPTION) VALUES ('LOT_ADMIN','Permission to Administer a Lot entity.');
INSERT INTO SECURITY_PERMISSION (PERMISSION_ID,DESCRIPTION) VALUES ('LOT_VIEW','Permission to View a Lot entity.');
INSERT INTO SECURITY_PERMISSION (PERMISSION_ID,DESCRIPTION) VALUES ('LOT_CREATE','Permission to Create a Lot entity.');
INSERT INTO SECURITY_PERMISSION (PERMISSION_ID,DESCRIPTION) VALUES ('LOT_UPDATE','Permission to Update a Lot entity.');
INSERT INTO SECURITY_PERMISSION (PERMISSION_ID,DESCRIPTION) VALUES ('LOT_DELETE','Permission to Delete a Lot entity.');

INSERT INTO SECURITY_GROUP_PERMISSION (GROUP_ID,PERMISSION_ID) VALUES ('FULLADMIN','LOT_ADMIN');
INSERT INTO SECURITY_GROUP_PERMISSION (GROUP_ID,PERMISSION_ID) VALUES ('FLEXADMIN','LOT_VIEW');
INSERT INTO SECURITY_GROUP_PERMISSION (GROUP_ID,PERMISSION_ID) VALUES ('FLEXADMIN','LOT_CREATE');
INSERT INTO SECURITY_GROUP_PERMISSION (GROUP_ID,PERMISSION_ID) VALUES ('FLEXADMIN','LOT_UPDATE');
INSERT INTO SECURITY_GROUP_PERMISSION (GROUP_ID,PERMISSION_ID) VALUES ('FLEXADMIN','LOT_DELETE');

INSERT INTO SECURITY_PERMISSION (PERMISSION_ID,DESCRIPTION) VALUES ('CONTAINER_ADMIN','Permission to Administer a Container entity.');
INSERT INTO SECURITY_PERMISSION (PERMISSION_ID,DESCRIPTION) VALUES ('CONTAINER_VIEW','Permission to View a Container entity.');
INSERT INTO SECURITY_PERMISSION (PERMISSION_ID,DESCRIPTION) VALUES ('CONTAINER_CREATE','Permission to Create a Container entity.');
INSERT INTO SECURITY_PERMISSION (PERMISSION_ID,DESCRIPTION) VALUES ('CONTAINER_UPDATE','Permission to Update a Container entity.');
INSERT INTO SECURITY_PERMISSION (PERMISSION_ID,DESCRIPTION) VALUES ('CONTAINER_DELETE','Permission to Delete a Container entity.');

INSERT INTO SECURITY_GROUP_PERMISSION (GROUP_ID,PERMISSION_ID) VALUES ('FULLADMIN','CONTAINER_ADMIN');
INSERT INTO SECURITY_GROUP_PERMISSION (GROUP_ID,PERMISSION_ID) VALUES ('FLEXADMIN','CONTAINER_VIEW');
INSERT INTO SECURITY_GROUP_PERMISSION (GROUP_ID,PERMISSION_ID) VALUES ('FLEXADMIN','CONTAINER_CREATE');
INSERT INTO SECURITY_GROUP_PERMISSION (GROUP_ID,PERMISSION_ID) VALUES ('FLEXADMIN','CONTAINER_UPDATE');
INSERT INTO SECURITY_GROUP_PERMISSION (GROUP_ID,PERMISSION_ID) VALUES ('FLEXADMIN','CONTAINER_DELETE');

INSERT INTO SECURITY_PERMISSION (PERMISSION_ID,DESCRIPTION) VALUES ('CONTAINER_TYPE_ADMIN','Permission to Administer a ContainerType entity.');
INSERT INTO SECURITY_PERMISSION (PERMISSION_ID,DESCRIPTION) VALUES ('CONTAINER_TYPE_VIEW','Permission to View a ContainerType entity.');
INSERT INTO SECURITY_PERMISSION (PERMISSION_ID,DESCRIPTION) VALUES ('CONTAINER_TYPE_CREATE','Permission to Create a ContainerType entity.');
INSERT INTO SECURITY_PERMISSION (PERMISSION_ID,DESCRIPTION) VALUES ('CONTAINER_TYPE_UPDATE','Permission to Update a ContainerType entity.');
INSERT INTO SECURITY_PERMISSION (PERMISSION_ID,DESCRIPTION) VALUES ('CONTAINER_TYPE_DELETE','Permission to Delete a ContainerType entity.');

INSERT INTO SECURITY_GROUP_PERMISSION (GROUP_ID,PERMISSION_ID) VALUES ('FULLADMIN','CONTAINER_TYPE_ADMIN');
INSERT INTO SECURITY_GROUP_PERMISSION (GROUP_ID,PERMISSION_ID) VALUES ('FLEXADMIN','CONTAINER_TYPE_VIEW');
INSERT INTO SECURITY_GROUP_PERMISSION (GROUP_ID,PERMISSION_ID) VALUES ('FLEXADMIN','CONTAINER_TYPE_CREATE');
INSERT INTO SECURITY_GROUP_PERMISSION (GROUP_ID,PERMISSION_ID) VALUES ('FLEXADMIN','CONTAINER_TYPE_UPDATE');
INSERT INTO SECURITY_GROUP_PERMISSION (GROUP_ID,PERMISSION_ID) VALUES ('FLEXADMIN','CONTAINER_TYPE_DELETE');

INSERT INTO SECURITY_PERMISSION (PERMISSION_ID,DESCRIPTION) VALUES ('FACILITY_ADMIN','Permission to Administer a Facility entity.');
INSERT INTO SECURITY_PERMISSION (PERMISSION_ID,DESCRIPTION) VALUES ('FACILITY_VIEW','Permission to View a Facility entity.');
INSERT INTO SECURITY_PERMISSION (PERMISSION_ID,DESCRIPTION) VALUES ('FACILITY_CREATE','Permission to Create a Facility entity.');
INSERT INTO SECURITY_PERMISSION (PERMISSION_ID,DESCRIPTION) VALUES ('FACILITY_UPDATE','Permission to Update a Facility entity.');
INSERT INTO SECURITY_PERMISSION (PERMISSION_ID,DESCRIPTION) VALUES ('FACILITY_DELETE','Permission to Delete a Facility entity.');

INSERT INTO SECURITY_GROUP_PERMISSION (GROUP_ID,PERMISSION_ID) VALUES ('FULLADMIN','FACILITY_ADMIN');
INSERT INTO SECURITY_GROUP_PERMISSION (GROUP_ID,PERMISSION_ID) VALUES ('FLEXADMIN','FACILITY_VIEW');
INSERT INTO SECURITY_GROUP_PERMISSION (GROUP_ID,PERMISSION_ID) VALUES ('FLEXADMIN','FACILITY_CREATE');
INSERT INTO SECURITY_GROUP_PERMISSION (GROUP_ID,PERMISSION_ID) VALUES ('FLEXADMIN','FACILITY_UPDATE');
INSERT INTO SECURITY_GROUP_PERMISSION (GROUP_ID,PERMISSION_ID) VALUES ('FLEXADMIN','FACILITY_DELETE');

INSERT INTO SECURITY_PERMISSION (PERMISSION_ID,DESCRIPTION) VALUES ('FACILITY_TYPE_ADMIN','Permission to Administer a FacilityType entity.');
INSERT INTO SECURITY_PERMISSION (PERMISSION_ID,DESCRIPTION) VALUES ('FACILITY_TYPE_VIEW','Permission to View a FacilityType entity.');
INSERT INTO SECURITY_PERMISSION (PERMISSION_ID,DESCRIPTION) VALUES ('FACILITY_TYPE_CREATE','Permission to Create a FacilityType entity.');
INSERT INTO SECURITY_PERMISSION (PERMISSION_ID,DESCRIPTION) VALUES ('FACILITY_TYPE_UPDATE','Permission to Update a FacilityType entity.');
INSERT INTO SECURITY_PERMISSION (PERMISSION_ID,DESCRIPTION) VALUES ('FACILITY_TYPE_DELETE','Permission to Delete a FacilityType entity.');

INSERT INTO SECURITY_GROUP_PERMISSION (GROUP_ID,PERMISSION_ID) VALUES ('FULLADMIN','FACILITY_TYPE_ADMIN');
INSERT INTO SECURITY_GROUP_PERMISSION (GROUP_ID,PERMISSION_ID) VALUES ('FLEXADMIN','FACILITY_TYPE_VIEW');
INSERT INTO SECURITY_GROUP_PERMISSION (GROUP_ID,PERMISSION_ID) VALUES ('FLEXADMIN','FACILITY_TYPE_CREATE');
INSERT INTO SECURITY_GROUP_PERMISSION (GROUP_ID,PERMISSION_ID) VALUES ('FLEXADMIN','FACILITY_TYPE_UPDATE');
INSERT INTO SECURITY_GROUP_PERMISSION (GROUP_ID,PERMISSION_ID) VALUES ('FLEXADMIN','FACILITY_TYPE_DELETE');

INSERT INTO SECURITY_PERMISSION (PERMISSION_ID,DESCRIPTION) VALUES ('FACILITY_ATTRIBUTE_ADMIN','Permission to Administer a FacilityAttribute entity.');
INSERT INTO SECURITY_PERMISSION (PERMISSION_ID,DESCRIPTION) VALUES ('FACILITY_ATTRIBUTE_VIEW','Permission to View a FacilityAttribute entity.');
INSERT INTO SECURITY_PERMISSION (PERMISSION_ID,DESCRIPTION) VALUES ('FACILITY_ATTRIBUTE_CREATE','Permission to Create a FacilityAttribute entity.');
INSERT INTO SECURITY_PERMISSION (PERMISSION_ID,DESCRIPTION) VALUES ('FACILITY_ATTRIBUTE_UPDATE','Permission to Update a FacilityAttribute entity.');
INSERT INTO SECURITY_PERMISSION (PERMISSION_ID,DESCRIPTION) VALUES ('FACILITY_ATTRIBUTE_DELETE','Permission to Delete a FacilityAttribute entity.');

INSERT INTO SECURITY_GROUP_PERMISSION (GROUP_ID,PERMISSION_ID) VALUES ('FULLADMIN','FACILITY_ATTRIBUTE_ADMIN');
INSERT INTO SECURITY_GROUP_PERMISSION (GROUP_ID,PERMISSION_ID) VALUES ('FLEXADMIN','FACILITY_ATTRIBUTE_VIEW');
INSERT INTO SECURITY_GROUP_PERMISSION (GROUP_ID,PERMISSION_ID) VALUES ('FLEXADMIN','FACILITY_ATTRIBUTE_CREATE');
INSERT INTO SECURITY_GROUP_PERMISSION (GROUP_ID,PERMISSION_ID) VALUES ('FLEXADMIN','FACILITY_ATTRIBUTE_UPDATE');
INSERT INTO SECURITY_GROUP_PERMISSION (GROUP_ID,PERMISSION_ID) VALUES ('FLEXADMIN','FACILITY_ATTRIBUTE_DELETE');

INSERT INTO SECURITY_PERMISSION (PERMISSION_ID,DESCRIPTION) VALUES ('FACILITY_TYPE_ATTR_ADMIN','Permission to Administer a FacilityTypeAttr entity.');
INSERT INTO SECURITY_PERMISSION (PERMISSION_ID,DESCRIPTION) VALUES ('FACILITY_TYPE_ATTR_VIEW','Permission to View a FacilityTypeAttr entity.');
INSERT INTO SECURITY_PERMISSION (PERMISSION_ID,DESCRIPTION) VALUES ('FACILITY_TYPE_ATTR_CREATE','Permission to Create a FacilityTypeAttr entity.');
INSERT INTO SECURITY_PERMISSION (PERMISSION_ID,DESCRIPTION) VALUES ('FACILITY_TYPE_ATTR_UPDATE','Permission to Update a FacilityTypeAttr entity.');
INSERT INTO SECURITY_PERMISSION (PERMISSION_ID,DESCRIPTION) VALUES ('FACILITY_TYPE_ATTR_DELETE','Permission to Delete a FacilityTypeAttr entity.');

INSERT INTO SECURITY_GROUP_PERMISSION (GROUP_ID,PERMISSION_ID) VALUES ('FULLADMIN','FACILITY_TYPE_ATTR_ADMIN');
INSERT INTO SECURITY_GROUP_PERMISSION (GROUP_ID,PERMISSION_ID) VALUES ('FLEXADMIN','FACILITY_TYPE_ATTR_VIEW');
INSERT INTO SECURITY_GROUP_PERMISSION (GROUP_ID,PERMISSION_ID) VALUES ('FLEXADMIN','FACILITY_TYPE_ATTR_CREATE');
INSERT INTO SECURITY_GROUP_PERMISSION (GROUP_ID,PERMISSION_ID) VALUES ('FLEXADMIN','FACILITY_TYPE_ATTR_UPDATE');
INSERT INTO SECURITY_GROUP_PERMISSION (GROUP_ID,PERMISSION_ID) VALUES ('FLEXADMIN','FACILITY_TYPE_ATTR_DELETE');

INSERT INTO SECURITY_PERMISSION (PERMISSION_ID,DESCRIPTION) VALUES ('FACILITY_CONTACT_MECHANISM_ADMIN','Permission to Administer a FacilityContactMechanism entity.');
INSERT INTO SECURITY_PERMISSION (PERMISSION_ID,DESCRIPTION) VALUES ('FACILITY_CONTACT_MECHANISM_VIEW','Permission to View a FacilityContactMechanism entity.');
INSERT INTO SECURITY_PERMISSION (PERMISSION_ID,DESCRIPTION) VALUES ('FACILITY_CONTACT_MECHANISM_CREATE','Permission to Create a FacilityContactMechanism entity.');
INSERT INTO SECURITY_PERMISSION (PERMISSION_ID,DESCRIPTION) VALUES ('FACILITY_CONTACT_MECHANISM_UPDATE','Permission to Update a FacilityContactMechanism entity.');
INSERT INTO SECURITY_PERMISSION (PERMISSION_ID,DESCRIPTION) VALUES ('FACILITY_CONTACT_MECHANISM_DELETE','Permission to Delete a FacilityContactMechanism entity.');

INSERT INTO SECURITY_GROUP_PERMISSION (GROUP_ID,PERMISSION_ID) VALUES ('FULLADMIN','FACILITY_CONTACT_MECHANISM_ADMIN');
INSERT INTO SECURITY_GROUP_PERMISSION (GROUP_ID,PERMISSION_ID) VALUES ('FLEXADMIN','FACILITY_CONTACT_MECHANISM_VIEW');
INSERT INTO SECURITY_GROUP_PERMISSION (GROUP_ID,PERMISSION_ID) VALUES ('FLEXADMIN','FACILITY_CONTACT_MECHANISM_CREATE');
INSERT INTO SECURITY_GROUP_PERMISSION (GROUP_ID,PERMISSION_ID) VALUES ('FLEXADMIN','FACILITY_CONTACT_MECHANISM_UPDATE');
INSERT INTO SECURITY_GROUP_PERMISSION (GROUP_ID,PERMISSION_ID) VALUES ('FLEXADMIN','FACILITY_CONTACT_MECHANISM_DELETE');

INSERT INTO SECURITY_PERMISSION (PERMISSION_ID,DESCRIPTION) VALUES ('PARTY_FACILITY_ADMIN','Permission to Administer a PartyFacility entity.');
INSERT INTO SECURITY_PERMISSION (PERMISSION_ID,DESCRIPTION) VALUES ('PARTY_FACILITY_VIEW','Permission to View a PartyFacility entity.');
INSERT INTO SECURITY_PERMISSION (PERMISSION_ID,DESCRIPTION) VALUES ('PARTY_FACILITY_CREATE','Permission to Create a PartyFacility entity.');
INSERT INTO SECURITY_PERMISSION (PERMISSION_ID,DESCRIPTION) VALUES ('PARTY_FACILITY_UPDATE','Permission to Update a PartyFacility entity.');
INSERT INTO SECURITY_PERMISSION (PERMISSION_ID,DESCRIPTION) VALUES ('PARTY_FACILITY_DELETE','Permission to Delete a PartyFacility entity.');

INSERT INTO SECURITY_GROUP_PERMISSION (GROUP_ID,PERMISSION_ID) VALUES ('FULLADMIN','PARTY_FACILITY_ADMIN');
INSERT INTO SECURITY_GROUP_PERMISSION (GROUP_ID,PERMISSION_ID) VALUES ('FLEXADMIN','PARTY_FACILITY_VIEW');
INSERT INTO SECURITY_GROUP_PERMISSION (GROUP_ID,PERMISSION_ID) VALUES ('FLEXADMIN','PARTY_FACILITY_CREATE');
INSERT INTO SECURITY_GROUP_PERMISSION (GROUP_ID,PERMISSION_ID) VALUES ('FLEXADMIN','PARTY_FACILITY_UPDATE');
INSERT INTO SECURITY_GROUP_PERMISSION (GROUP_ID,PERMISSION_ID) VALUES ('FLEXADMIN','PARTY_FACILITY_DELETE');

INSERT INTO SECURITY_PERMISSION (PERMISSION_ID,DESCRIPTION) VALUES ('FACILITY_ROLE_TYPE_ADMIN','Permission to Administer a FacilityRoleType entity.');
INSERT INTO SECURITY_PERMISSION (PERMISSION_ID,DESCRIPTION) VALUES ('FACILITY_ROLE_TYPE_VIEW','Permission to View a FacilityRoleType entity.');
INSERT INTO SECURITY_PERMISSION (PERMISSION_ID,DESCRIPTION) VALUES ('FACILITY_ROLE_TYPE_CREATE','Permission to Create a FacilityRoleType entity.');
INSERT INTO SECURITY_PERMISSION (PERMISSION_ID,DESCRIPTION) VALUES ('FACILITY_ROLE_TYPE_UPDATE','Permission to Update a FacilityRoleType entity.');
INSERT INTO SECURITY_PERMISSION (PERMISSION_ID,DESCRIPTION) VALUES ('FACILITY_ROLE_TYPE_DELETE','Permission to Delete a FacilityRoleType entity.');

INSERT INTO SECURITY_GROUP_PERMISSION (GROUP_ID,PERMISSION_ID) VALUES ('FULLADMIN','FACILITY_ROLE_TYPE_ADMIN');
INSERT INTO SECURITY_GROUP_PERMISSION (GROUP_ID,PERMISSION_ID) VALUES ('FLEXADMIN','FACILITY_ROLE_TYPE_VIEW');
INSERT INTO SECURITY_GROUP_PERMISSION (GROUP_ID,PERMISSION_ID) VALUES ('FLEXADMIN','FACILITY_ROLE_TYPE_CREATE');
INSERT INTO SECURITY_GROUP_PERMISSION (GROUP_ID,PERMISSION_ID) VALUES ('FLEXADMIN','FACILITY_ROLE_TYPE_UPDATE');
INSERT INTO SECURITY_GROUP_PERMISSION (GROUP_ID,PERMISSION_ID) VALUES ('FLEXADMIN','FACILITY_ROLE_TYPE_DELETE');

INSERT INTO SECURITY_PERMISSION (PERMISSION_ID,DESCRIPTION) VALUES ('REORDER_GUIDELINE_ADMIN','Permission to Administer a ReorderGuideline entity.');
INSERT INTO SECURITY_PERMISSION (PERMISSION_ID,DESCRIPTION) VALUES ('REORDER_GUIDELINE_VIEW','Permission to View a ReorderGuideline entity.');
INSERT INTO SECURITY_PERMISSION (PERMISSION_ID,DESCRIPTION) VALUES ('REORDER_GUIDELINE_CREATE','Permission to Create a ReorderGuideline entity.');
INSERT INTO SECURITY_PERMISSION (PERMISSION_ID,DESCRIPTION) VALUES ('REORDER_GUIDELINE_UPDATE','Permission to Update a ReorderGuideline entity.');
INSERT INTO SECURITY_PERMISSION (PERMISSION_ID,DESCRIPTION) VALUES ('REORDER_GUIDELINE_DELETE','Permission to Delete a ReorderGuideline entity.');

INSERT INTO SECURITY_GROUP_PERMISSION (GROUP_ID,PERMISSION_ID) VALUES ('FULLADMIN','REORDER_GUIDELINE_ADMIN');
INSERT INTO SECURITY_GROUP_PERMISSION (GROUP_ID,PERMISSION_ID) VALUES ('FLEXADMIN','REORDER_GUIDELINE_VIEW');
INSERT INTO SECURITY_GROUP_PERMISSION (GROUP_ID,PERMISSION_ID) VALUES ('FLEXADMIN','REORDER_GUIDELINE_CREATE');
INSERT INTO SECURITY_GROUP_PERMISSION (GROUP_ID,PERMISSION_ID) VALUES ('FLEXADMIN','REORDER_GUIDELINE_UPDATE');
INSERT INTO SECURITY_GROUP_PERMISSION (GROUP_ID,PERMISSION_ID) VALUES ('FLEXADMIN','REORDER_GUIDELINE_DELETE');

INSERT INTO SECURITY_PERMISSION (PERMISSION_ID,DESCRIPTION) VALUES ('SUPPLIER_PRODUCT_ADMIN','Permission to Administer a SupplierProduct entity.');
INSERT INTO SECURITY_PERMISSION (PERMISSION_ID,DESCRIPTION) VALUES ('SUPPLIER_PRODUCT_VIEW','Permission to View a SupplierProduct entity.');
INSERT INTO SECURITY_PERMISSION (PERMISSION_ID,DESCRIPTION) VALUES ('SUPPLIER_PRODUCT_CREATE','Permission to Create a SupplierProduct entity.');
INSERT INTO SECURITY_PERMISSION (PERMISSION_ID,DESCRIPTION) VALUES ('SUPPLIER_PRODUCT_UPDATE','Permission to Update a SupplierProduct entity.');
INSERT INTO SECURITY_PERMISSION (PERMISSION_ID,DESCRIPTION) VALUES ('SUPPLIER_PRODUCT_DELETE','Permission to Delete a SupplierProduct entity.');

INSERT INTO SECURITY_GROUP_PERMISSION (GROUP_ID,PERMISSION_ID) VALUES ('FULLADMIN','SUPPLIER_PRODUCT_ADMIN');
INSERT INTO SECURITY_GROUP_PERMISSION (GROUP_ID,PERMISSION_ID) VALUES ('FLEXADMIN','SUPPLIER_PRODUCT_VIEW');
INSERT INTO SECURITY_GROUP_PERMISSION (GROUP_ID,PERMISSION_ID) VALUES ('FLEXADMIN','SUPPLIER_PRODUCT_CREATE');
INSERT INTO SECURITY_GROUP_PERMISSION (GROUP_ID,PERMISSION_ID) VALUES ('FLEXADMIN','SUPPLIER_PRODUCT_UPDATE');
INSERT INTO SECURITY_GROUP_PERMISSION (GROUP_ID,PERMISSION_ID) VALUES ('FLEXADMIN','SUPPLIER_PRODUCT_DELETE');

INSERT INTO SECURITY_PERMISSION (PERMISSION_ID,DESCRIPTION) VALUES ('SUPPLIER_RATING_TYPE_ADMIN','Permission to Administer a SupplierRatingType entity.');
INSERT INTO SECURITY_PERMISSION (PERMISSION_ID,DESCRIPTION) VALUES ('SUPPLIER_RATING_TYPE_VIEW','Permission to View a SupplierRatingType entity.');
INSERT INTO SECURITY_PERMISSION (PERMISSION_ID,DESCRIPTION) VALUES ('SUPPLIER_RATING_TYPE_CREATE','Permission to Create a SupplierRatingType entity.');
INSERT INTO SECURITY_PERMISSION (PERMISSION_ID,DESCRIPTION) VALUES ('SUPPLIER_RATING_TYPE_UPDATE','Permission to Update a SupplierRatingType entity.');
INSERT INTO SECURITY_PERMISSION (PERMISSION_ID,DESCRIPTION) VALUES ('SUPPLIER_RATING_TYPE_DELETE','Permission to Delete a SupplierRatingType entity.');

INSERT INTO SECURITY_GROUP_PERMISSION (GROUP_ID,PERMISSION_ID) VALUES ('FULLADMIN','SUPPLIER_RATING_TYPE_ADMIN');
INSERT INTO SECURITY_GROUP_PERMISSION (GROUP_ID,PERMISSION_ID) VALUES ('FLEXADMIN','SUPPLIER_RATING_TYPE_VIEW');
INSERT INTO SECURITY_GROUP_PERMISSION (GROUP_ID,PERMISSION_ID) VALUES ('FLEXADMIN','SUPPLIER_RATING_TYPE_CREATE');
INSERT INTO SECURITY_GROUP_PERMISSION (GROUP_ID,PERMISSION_ID) VALUES ('FLEXADMIN','SUPPLIER_RATING_TYPE_UPDATE');
INSERT INTO SECURITY_GROUP_PERMISSION (GROUP_ID,PERMISSION_ID) VALUES ('FLEXADMIN','SUPPLIER_RATING_TYPE_DELETE');

INSERT INTO SECURITY_PERMISSION (PERMISSION_ID,DESCRIPTION) VALUES ('SUPPLIER_PREF_ORDER_ADMIN','Permission to Administer a SupplierPrefOrder entity.');
INSERT INTO SECURITY_PERMISSION (PERMISSION_ID,DESCRIPTION) VALUES ('SUPPLIER_PREF_ORDER_VIEW','Permission to View a SupplierPrefOrder entity.');
INSERT INTO SECURITY_PERMISSION (PERMISSION_ID,DESCRIPTION) VALUES ('SUPPLIER_PREF_ORDER_CREATE','Permission to Create a SupplierPrefOrder entity.');
INSERT INTO SECURITY_PERMISSION (PERMISSION_ID,DESCRIPTION) VALUES ('SUPPLIER_PREF_ORDER_UPDATE','Permission to Update a SupplierPrefOrder entity.');
INSERT INTO SECURITY_PERMISSION (PERMISSION_ID,DESCRIPTION) VALUES ('SUPPLIER_PREF_ORDER_DELETE','Permission to Delete a SupplierPrefOrder entity.');

INSERT INTO SECURITY_GROUP_PERMISSION (GROUP_ID,PERMISSION_ID) VALUES ('FULLADMIN','SUPPLIER_PREF_ORDER_ADMIN');
INSERT INTO SECURITY_GROUP_PERMISSION (GROUP_ID,PERMISSION_ID) VALUES ('FLEXADMIN','SUPPLIER_PREF_ORDER_VIEW');
INSERT INTO SECURITY_GROUP_PERMISSION (GROUP_ID,PERMISSION_ID) VALUES ('FLEXADMIN','SUPPLIER_PREF_ORDER_CREATE');
INSERT INTO SECURITY_GROUP_PERMISSION (GROUP_ID,PERMISSION_ID) VALUES ('FLEXADMIN','SUPPLIER_PREF_ORDER_UPDATE');
INSERT INTO SECURITY_GROUP_PERMISSION (GROUP_ID,PERMISSION_ID) VALUES ('FLEXADMIN','SUPPLIER_PREF_ORDER_DELETE');

INSERT INTO SECURITY_PERMISSION (PERMISSION_ID,DESCRIPTION) VALUES ('MARKET_INTEREST_ADMIN','Permission to Administer a MarketInterest entity.');
INSERT INTO SECURITY_PERMISSION (PERMISSION_ID,DESCRIPTION) VALUES ('MARKET_INTEREST_VIEW','Permission to View a MarketInterest entity.');
INSERT INTO SECURITY_PERMISSION (PERMISSION_ID,DESCRIPTION) VALUES ('MARKET_INTEREST_CREATE','Permission to Create a MarketInterest entity.');
INSERT INTO SECURITY_PERMISSION (PERMISSION_ID,DESCRIPTION) VALUES ('MARKET_INTEREST_UPDATE','Permission to Update a MarketInterest entity.');
INSERT INTO SECURITY_PERMISSION (PERMISSION_ID,DESCRIPTION) VALUES ('MARKET_INTEREST_DELETE','Permission to Delete a MarketInterest entity.');

INSERT INTO SECURITY_GROUP_PERMISSION (GROUP_ID,PERMISSION_ID) VALUES ('FULLADMIN','MARKET_INTEREST_ADMIN');
INSERT INTO SECURITY_GROUP_PERMISSION (GROUP_ID,PERMISSION_ID) VALUES ('FLEXADMIN','MARKET_INTEREST_VIEW');
INSERT INTO SECURITY_GROUP_PERMISSION (GROUP_ID,PERMISSION_ID) VALUES ('FLEXADMIN','MARKET_INTEREST_CREATE');
INSERT INTO SECURITY_GROUP_PERMISSION (GROUP_ID,PERMISSION_ID) VALUES ('FLEXADMIN','MARKET_INTEREST_UPDATE');
INSERT INTO SECURITY_GROUP_PERMISSION (GROUP_ID,PERMISSION_ID) VALUES ('FLEXADMIN','MARKET_INTEREST_DELETE');

INSERT INTO SECURITY_PERMISSION (PERMISSION_ID,DESCRIPTION) VALUES ('USER_LOGIN_ADMIN','Permission to Administer a UserLogin entity.');
INSERT INTO SECURITY_PERMISSION (PERMISSION_ID,DESCRIPTION) VALUES ('USER_LOGIN_VIEW','Permission to View a UserLogin entity.');
INSERT INTO SECURITY_PERMISSION (PERMISSION_ID,DESCRIPTION) VALUES ('USER_LOGIN_CREATE','Permission to Create a UserLogin entity.');
INSERT INTO SECURITY_PERMISSION (PERMISSION_ID,DESCRIPTION) VALUES ('USER_LOGIN_UPDATE','Permission to Update a UserLogin entity.');
INSERT INTO SECURITY_PERMISSION (PERMISSION_ID,DESCRIPTION) VALUES ('USER_LOGIN_DELETE','Permission to Delete a UserLogin entity.');

INSERT INTO SECURITY_GROUP_PERMISSION (GROUP_ID,PERMISSION_ID) VALUES ('FULLADMIN','USER_LOGIN_ADMIN');
INSERT INTO SECURITY_GROUP_PERMISSION (GROUP_ID,PERMISSION_ID) VALUES ('FLEXADMIN','USER_LOGIN_VIEW');
INSERT INTO SECURITY_GROUP_PERMISSION (GROUP_ID,PERMISSION_ID) VALUES ('FLEXADMIN','USER_LOGIN_CREATE');
INSERT INTO SECURITY_GROUP_PERMISSION (GROUP_ID,PERMISSION_ID) VALUES ('FLEXADMIN','USER_LOGIN_UPDATE');
INSERT INTO SECURITY_GROUP_PERMISSION (GROUP_ID,PERMISSION_ID) VALUES ('FLEXADMIN','USER_LOGIN_DELETE');

INSERT INTO SECURITY_PERMISSION (PERMISSION_ID,DESCRIPTION) VALUES ('LOGIN_ACCOUNT_HISTORY_ADMIN','Permission to Administer a LoginAccountHistory entity.');
INSERT INTO SECURITY_PERMISSION (PERMISSION_ID,DESCRIPTION) VALUES ('LOGIN_ACCOUNT_HISTORY_VIEW','Permission to View a LoginAccountHistory entity.');
INSERT INTO SECURITY_PERMISSION (PERMISSION_ID,DESCRIPTION) VALUES ('LOGIN_ACCOUNT_HISTORY_CREATE','Permission to Create a LoginAccountHistory entity.');
INSERT INTO SECURITY_PERMISSION (PERMISSION_ID,DESCRIPTION) VALUES ('LOGIN_ACCOUNT_HISTORY_UPDATE','Permission to Update a LoginAccountHistory entity.');
INSERT INTO SECURITY_PERMISSION (PERMISSION_ID,DESCRIPTION) VALUES ('LOGIN_ACCOUNT_HISTORY_DELETE','Permission to Delete a LoginAccountHistory entity.');

INSERT INTO SECURITY_GROUP_PERMISSION (GROUP_ID,PERMISSION_ID) VALUES ('FULLADMIN','LOGIN_ACCOUNT_HISTORY_ADMIN');
INSERT INTO SECURITY_GROUP_PERMISSION (GROUP_ID,PERMISSION_ID) VALUES ('FLEXADMIN','LOGIN_ACCOUNT_HISTORY_VIEW');
INSERT INTO SECURITY_GROUP_PERMISSION (GROUP_ID,PERMISSION_ID) VALUES ('FLEXADMIN','LOGIN_ACCOUNT_HISTORY_CREATE');
INSERT INTO SECURITY_GROUP_PERMISSION (GROUP_ID,PERMISSION_ID) VALUES ('FLEXADMIN','LOGIN_ACCOUNT_HISTORY_UPDATE');
INSERT INTO SECURITY_GROUP_PERMISSION (GROUP_ID,PERMISSION_ID) VALUES ('FLEXADMIN','LOGIN_ACCOUNT_HISTORY_DELETE');

INSERT INTO SECURITY_PERMISSION (PERMISSION_ID,DESCRIPTION) VALUES ('SECURITY_GROUP_ADMIN','Permission to Administer a SecurityGroup entity.');
INSERT INTO SECURITY_PERMISSION (PERMISSION_ID,DESCRIPTION) VALUES ('SECURITY_GROUP_VIEW','Permission to View a SecurityGroup entity.');
INSERT INTO SECURITY_PERMISSION (PERMISSION_ID,DESCRIPTION) VALUES ('SECURITY_GROUP_CREATE','Permission to Create a SecurityGroup entity.');
INSERT INTO SECURITY_PERMISSION (PERMISSION_ID,DESCRIPTION) VALUES ('SECURITY_GROUP_UPDATE','Permission to Update a SecurityGroup entity.');
INSERT INTO SECURITY_PERMISSION (PERMISSION_ID,DESCRIPTION) VALUES ('SECURITY_GROUP_DELETE','Permission to Delete a SecurityGroup entity.');

INSERT INTO SECURITY_GROUP_PERMISSION (GROUP_ID,PERMISSION_ID) VALUES ('FULLADMIN','SECURITY_GROUP_ADMIN');
INSERT INTO SECURITY_GROUP_PERMISSION (GROUP_ID,PERMISSION_ID) VALUES ('FLEXADMIN','SECURITY_GROUP_VIEW');
INSERT INTO SECURITY_GROUP_PERMISSION (GROUP_ID,PERMISSION_ID) VALUES ('FLEXADMIN','SECURITY_GROUP_CREATE');
INSERT INTO SECURITY_GROUP_PERMISSION (GROUP_ID,PERMISSION_ID) VALUES ('FLEXADMIN','SECURITY_GROUP_UPDATE');
INSERT INTO SECURITY_GROUP_PERMISSION (GROUP_ID,PERMISSION_ID) VALUES ('FLEXADMIN','SECURITY_GROUP_DELETE');

INSERT INTO SECURITY_PERMISSION (PERMISSION_ID,DESCRIPTION) VALUES ('SECURITY_PERMISSION_ADMIN','Permission to Administer a SecurityPermission entity.');
INSERT INTO SECURITY_PERMISSION (PERMISSION_ID,DESCRIPTION) VALUES ('SECURITY_PERMISSION_VIEW','Permission to View a SecurityPermission entity.');
INSERT INTO SECURITY_PERMISSION (PERMISSION_ID,DESCRIPTION) VALUES ('SECURITY_PERMISSION_CREATE','Permission to Create a SecurityPermission entity.');
INSERT INTO SECURITY_PERMISSION (PERMISSION_ID,DESCRIPTION) VALUES ('SECURITY_PERMISSION_UPDATE','Permission to Update a SecurityPermission entity.');
INSERT INTO SECURITY_PERMISSION (PERMISSION_ID,DESCRIPTION) VALUES ('SECURITY_PERMISSION_DELETE','Permission to Delete a SecurityPermission entity.');

INSERT INTO SECURITY_GROUP_PERMISSION (GROUP_ID,PERMISSION_ID) VALUES ('FULLADMIN','SECURITY_PERMISSION_ADMIN');
INSERT INTO SECURITY_GROUP_PERMISSION (GROUP_ID,PERMISSION_ID) VALUES ('FLEXADMIN','SECURITY_PERMISSION_VIEW');
INSERT INTO SECURITY_GROUP_PERMISSION (GROUP_ID,PERMISSION_ID) VALUES ('FLEXADMIN','SECURITY_PERMISSION_CREATE');
INSERT INTO SECURITY_GROUP_PERMISSION (GROUP_ID,PERMISSION_ID) VALUES ('FLEXADMIN','SECURITY_PERMISSION_UPDATE');
INSERT INTO SECURITY_GROUP_PERMISSION (GROUP_ID,PERMISSION_ID) VALUES ('FLEXADMIN','SECURITY_PERMISSION_DELETE');

INSERT INTO SECURITY_PERMISSION (PERMISSION_ID,DESCRIPTION) VALUES ('SECURITY_GROUP_PERMISSION_ADMIN','Permission to Administer a SecurityGroupPermission entity.');
INSERT INTO SECURITY_PERMISSION (PERMISSION_ID,DESCRIPTION) VALUES ('SECURITY_GROUP_PERMISSION_VIEW','Permission to View a SecurityGroupPermission entity.');
INSERT INTO SECURITY_PERMISSION (PERMISSION_ID,DESCRIPTION) VALUES ('SECURITY_GROUP_PERMISSION_CREATE','Permission to Create a SecurityGroupPermission entity.');
INSERT INTO SECURITY_PERMISSION (PERMISSION_ID,DESCRIPTION) VALUES ('SECURITY_GROUP_PERMISSION_UPDATE','Permission to Update a SecurityGroupPermission entity.');
INSERT INTO SECURITY_PERMISSION (PERMISSION_ID,DESCRIPTION) VALUES ('SECURITY_GROUP_PERMISSION_DELETE','Permission to Delete a SecurityGroupPermission entity.');

INSERT INTO SECURITY_GROUP_PERMISSION (GROUP_ID,PERMISSION_ID) VALUES ('FULLADMIN','SECURITY_GROUP_PERMISSION_ADMIN');
INSERT INTO SECURITY_GROUP_PERMISSION (GROUP_ID,PERMISSION_ID) VALUES ('FLEXADMIN','SECURITY_GROUP_PERMISSION_VIEW');
INSERT INTO SECURITY_GROUP_PERMISSION (GROUP_ID,PERMISSION_ID) VALUES ('FLEXADMIN','SECURITY_GROUP_PERMISSION_CREATE');
INSERT INTO SECURITY_GROUP_PERMISSION (GROUP_ID,PERMISSION_ID) VALUES ('FLEXADMIN','SECURITY_GROUP_PERMISSION_UPDATE');
INSERT INTO SECURITY_GROUP_PERMISSION (GROUP_ID,PERMISSION_ID) VALUES ('FLEXADMIN','SECURITY_GROUP_PERMISSION_DELETE');

INSERT INTO SECURITY_PERMISSION (PERMISSION_ID,DESCRIPTION) VALUES ('USER_LOGIN_SECURITY_GROUP_ADMIN','Permission to Administer a UserLoginSecurityGroup entity.');
INSERT INTO SECURITY_PERMISSION (PERMISSION_ID,DESCRIPTION) VALUES ('USER_LOGIN_SECURITY_GROUP_VIEW','Permission to View a UserLoginSecurityGroup entity.');
INSERT INTO SECURITY_PERMISSION (PERMISSION_ID,DESCRIPTION) VALUES ('USER_LOGIN_SECURITY_GROUP_CREATE','Permission to Create a UserLoginSecurityGroup entity.');
INSERT INTO SECURITY_PERMISSION (PERMISSION_ID,DESCRIPTION) VALUES ('USER_LOGIN_SECURITY_GROUP_UPDATE','Permission to Update a UserLoginSecurityGroup entity.');
INSERT INTO SECURITY_PERMISSION (PERMISSION_ID,DESCRIPTION) VALUES ('USER_LOGIN_SECURITY_GROUP_DELETE','Permission to Delete a UserLoginSecurityGroup entity.');

INSERT INTO SECURITY_GROUP_PERMISSION (GROUP_ID,PERMISSION_ID) VALUES ('FULLADMIN','USER_LOGIN_SECURITY_GROUP_ADMIN');
INSERT INTO SECURITY_GROUP_PERMISSION (GROUP_ID,PERMISSION_ID) VALUES ('FLEXADMIN','USER_LOGIN_SECURITY_GROUP_VIEW');
INSERT INTO SECURITY_GROUP_PERMISSION (GROUP_ID,PERMISSION_ID) VALUES ('FLEXADMIN','USER_LOGIN_SECURITY_GROUP_CREATE');
INSERT INTO SECURITY_GROUP_PERMISSION (GROUP_ID,PERMISSION_ID) VALUES ('FLEXADMIN','USER_LOGIN_SECURITY_GROUP_UPDATE');
INSERT INTO SECURITY_GROUP_PERMISSION (GROUP_ID,PERMISSION_ID) VALUES ('FLEXADMIN','USER_LOGIN_SECURITY_GROUP_DELETE');


COMMIT;

