
-- Setup default security: two administrator users, with all permission, but in different ways
INSERT INTO USER_LOGIN (USER_LOGIN_ID,CURRENT_PASSWORD,PARTY_ID) VALUES ('admin','ofbiz','admin');
INSERT INTO USER_LOGIN (USER_LOGIN_ID,CURRENT_PASSWORD) VALUES ('flexadmin','ofbiz');

INSERT INTO SECURITY_GROUP (GROUP_ID,DESCRIPTION) VALUES ('FULLADMIN','Full Admin group, has all general permissions.');
INSERT INTO USER_LOGIN_SECURITY_GROUP (USER_LOGIN_ID,GROUP_ID) VALUES ('admin','FULLADMIN');
INSERT INTO SECURITY_GROUP (GROUP_ID,DESCRIPTION) VALUES ('FLEXADMIN','Flexible Administrator, has all granular permissions.');
INSERT INTO USER_LOGIN_SECURITY_GROUP (USER_LOGIN_ID,GROUP_ID) VALUES ('flexadmin','FLEXADMIN');

INSERT INTO SECURITY_PERMISSION (PERMISSION_ID,DESCRIPTION) VALUES ('ENTITY_MAINT','Permission to View the Entity Maintenance page.');
INSERT INTO SECURITY_GROUP_PERMISSION (GROUP_ID,PERMISSION_ID) VALUES ('FULLADMIN','ENTITY_MAINT');
INSERT INTO SECURITY_GROUP_PERMISSION (GROUP_ID,PERMISSION_ID) VALUES ('FLEXADMIN','ENTITY_MAINT');

INSERT INTO SECURITY_PERMISSION (PERMISSION_ID,DESCRIPTION) VALUES ('UTIL_CACHE_VIEW','Permission to View a UtilCache instance.');
INSERT INTO SECURITY_GROUP_PERMISSION (GROUP_ID,PERMISSION_ID) VALUES ('FULLADMIN','UTIL_CACHE_VIEW');
INSERT INTO SECURITY_GROUP_PERMISSION (GROUP_ID,PERMISSION_ID) VALUES ('FLEXADMIN','UTIL_CACHE_VIEW');
INSERT INTO SECURITY_PERMISSION (PERMISSION_ID,DESCRIPTION) VALUES ('UTIL_CACHE_EDIT','Permission to Edit a UtilCache instance.');
INSERT INTO SECURITY_GROUP_PERMISSION (GROUP_ID,PERMISSION_ID) VALUES ('FULLADMIN','UTIL_CACHE_EDIT');
INSERT INTO SECURITY_GROUP_PERMISSION (GROUP_ID,PERMISSION_ID) VALUES ('FLEXADMIN','UTIL_CACHE_EDIT');

-- Some data to play with
INSERT INTO PARTY_TYPE (PARTY_TYPE_ID, HAS_TABLE, PARENT_TYPE_ID) VALUES ('ADMIN_1', 'N', 'ADMIN_PARENT_1');
INSERT INTO PARTY_TYPE (PARTY_TYPE_ID, HAS_TABLE, PARENT_TYPE_ID) VALUES ('ADMIN_2', 'N', 'ADMIN_PARENT_1');
INSERT INTO PARTY_TYPE (PARTY_TYPE_ID, HAS_TABLE, PARENT_TYPE_ID) VALUES ('ADMIN_3', 'N', 'ADMIN_PARENT_1');
INSERT INTO PARTY_TYPE (PARTY_TYPE_ID, HAS_TABLE, PARENT_TYPE_ID) VALUES ('ADMIN_4', 'N', 'ADMIN_PARENT_1');
INSERT INTO PARTY_TYPE (PARTY_TYPE_ID, HAS_TABLE, PARENT_TYPE_ID) VALUES ('ADMIN_5', 'N', 'ADMIN_PARENT_1');
INSERT INTO PARTY_TYPE (PARTY_TYPE_ID, HAS_TABLE, PARENT_TYPE_ID) VALUES ('ADMIN_6', 'N', 'ADMIN_PARENT_1');
INSERT INTO PARTY_TYPE (PARTY_TYPE_ID, HAS_TABLE, PARENT_TYPE_ID) VALUES ('ADMIN_7', 'N', 'ADMIN_PARENT_1');
INSERT INTO PARTY_TYPE (PARTY_TYPE_ID, HAS_TABLE, PARENT_TYPE_ID) VALUES ('ADMIN_8', 'N', 'ADMIN_PARENT_1');
INSERT INTO PARTY_TYPE (PARTY_TYPE_ID, HAS_TABLE, PARENT_TYPE_ID) VALUES ('ADMIN_9', 'N', 'ADMIN_PARENT_1');
INSERT INTO PARTY_TYPE (PARTY_TYPE_ID, HAS_TABLE, PARENT_TYPE_ID) VALUES ('ADMIN_10', 'N', 'ADMIN_PARENT_1');
INSERT INTO PARTY_TYPE (PARTY_TYPE_ID, HAS_TABLE, PARENT_TYPE_ID) VALUES ('ADMIN_11', 'N', 'ADMIN_PARENT_1');
INSERT INTO PARTY_TYPE (PARTY_TYPE_ID, HAS_TABLE, PARENT_TYPE_ID) VALUES ('ADMIN_12', 'N', 'ADMIN_PARENT_1');
INSERT INTO PARTY_TYPE (PARTY_TYPE_ID, HAS_TABLE, PARENT_TYPE_ID) VALUES ('ADMIN_13', 'N', 'ADMIN_PARENT_1');
INSERT INTO PARTY_TYPE (PARTY_TYPE_ID, HAS_TABLE, PARENT_TYPE_ID) VALUES ('ADMIN_20', 'N', 'ADMIN_PARENT_2');
INSERT INTO PARTY_TYPE (PARTY_TYPE_ID, HAS_TABLE, PARENT_TYPE_ID) VALUES ('ADMIN_21', 'N', 'ADMIN_PARENT_2');
INSERT INTO PARTY_TYPE (PARTY_TYPE_ID, HAS_TABLE, PARENT_TYPE_ID) VALUES ('ADMIN_PARENT_1', 'N', 'ADMIN_GRAND_PARENT_1');
INSERT INTO PARTY_TYPE (PARTY_TYPE_ID, HAS_TABLE, PARENT_TYPE_ID) VALUES ('ADMIN_PARENT_2', 'N', 'ADMIN_GRAND_PARENT_1');
INSERT INTO PARTY_TYPE (PARTY_TYPE_ID, HAS_TABLE, PARENT_TYPE_ID) VALUES ('ADMIN_PARENT_3', 'N', 'ADMIN_GRAND_PARENT_1');
INSERT INTO PARTY_TYPE (PARTY_TYPE_ID, HAS_TABLE, PARENT_TYPE_ID) VALUES ('ADMIN_GRAND_PARENT_1', 'N', '');

INSERT INTO PARTY (PARTY_ID) VALUES ('admin');
INSERT INTO PARTY_CLASSIFICATION (PARTY_ID, PARTY_TYPE_ID) VALUES ('admin', 'ADMIN_1');
INSERT INTO PARTY_CLASSIFICATION (PARTY_ID, PARTY_TYPE_ID) VALUES ('admin', 'ADMIN_21');
INSERT INTO PARTY_TYPE_ATTR (PARTY_TYPE_ID, NAME) VALUES ('ADMIN_1', 'GOOD_ADMIN');
INSERT INTO PARTY_TYPE_ATTR (PARTY_TYPE_ID, NAME) VALUES ('ADMIN_1', 'KNOWS_OFBIZ');
INSERT INTO PARTY_ATTRIBUTE (PARTY_ID, NAME, VALUE) VALUES ('admin', 'GOOD_ADMIN', 'Definately not');
INSERT INTO PARTY_ATTRIBUTE (PARTY_ID, NAME, VALUE) VALUES ('admin', 'KNOWS_OFBIZ', 'Yes, definately');


-- -- Copied from datamodel-data.sql
-- Party Type
INSERT INTO PARTY_TYPE (PARTY_TYPE_ID, HAS_TABLE, PARENT_TYPE_ID) VALUES ('PERSON', 'Y', '');
INSERT INTO PARTY_TYPE (PARTY_TYPE_ID, HAS_TABLE, PARENT_TYPE_ID) VALUES ('ORGANIZATION', 'N', '');
INSERT INTO PARTY_TYPE (PARTY_TYPE_ID, HAS_TABLE, PARENT_TYPE_ID) VALUES ('LEGAL_ORGANIZATION', 'N', 'ORGANIZATION');
INSERT INTO PARTY_TYPE (PARTY_TYPE_ID, HAS_TABLE, PARENT_TYPE_ID) VALUES ('INFORMAL_ORGANIZATION', 'N', 'ORGANIZATION');
INSERT INTO PARTY_TYPE (PARTY_TYPE_ID, HAS_TABLE, PARENT_TYPE_ID) VALUES ('FAMILY', 'N', 'INFORMAL_ORGANIZATION');
INSERT INTO PARTY_TYPE (PARTY_TYPE_ID, HAS_TABLE, PARENT_TYPE_ID) VALUES ('CORPORATION', 'N', 'LEGAL_ORGANIZATION');
INSERT INTO PARTY_TYPE (PARTY_TYPE_ID, HAS_TABLE, PARENT_TYPE_ID) VALUES ('GOVERNMENT_AGENCY', 'N', 'LEGAL_ORGANIZATION');
INSERT INTO PARTY_TYPE (PARTY_TYPE_ID, HAS_TABLE, PARENT_TYPE_ID) VALUES ('TEAM', 'N', 'INFORMAL_ORGANIZATION');
-- --
INSERT INTO PARTY_TYPE (PARTY_TYPE_ID, HAS_TABLE, PARENT_TYPE_ID) VALUES ('AUTOMATED_AGENT', 'N', '');

-- Party Type Attr
INSERT INTO PARTY_TYPE_ATTR (PARTY_TYPE_ID, NAME) VALUES ('LEGAL_ORGANIZATION', 'FEDERAL_TAX_ID_NUM');
INSERT INTO PARTY_TYPE_ATTR (PARTY_TYPE_ID, NAME) VALUES ('ORGANIZATION', 'NAME');
-- -- END Copied from datamodel-data.sql

-- Begin Generated Section --
INSERT INTO SECURITY_PERMISSION (PERMISSION_ID,DESCRIPTION) VALUES ('PARTY_ADMIN','Permission to Administer a Party entity.');
INSERT INTO SECURITY_PERMISSION (PERMISSION_ID,DESCRIPTION) VALUES ('PARTY_VIEW','Permission to View a Party entity.');
INSERT INTO SECURITY_PERMISSION (PERMISSION_ID,DESCRIPTION) VALUES ('PARTY_CREATE','Permission to Create a Party entity.');
INSERT INTO SECURITY_PERMISSION (PERMISSION_ID,DESCRIPTION) VALUES ('PARTY_UPDATE','Permission to Update a Party entity.');
INSERT INTO SECURITY_PERMISSION (PERMISSION_ID,DESCRIPTION) VALUES ('PARTY_DELETE','Permission to Delete a Party entity.');

INSERT INTO SECURITY_GROUP_PERMISSION (GROUP_ID,PERMISSION_ID) VALUES ('FULLADMIN','PARTY_ADMIN');
INSERT INTO SECURITY_GROUP_PERMISSION (GROUP_ID,PERMISSION_ID) VALUES ('FLEXADMIN','PARTY_VIEW');
INSERT INTO SECURITY_GROUP_PERMISSION (GROUP_ID,PERMISSION_ID) VALUES ('FLEXADMIN','PARTY_CREATE');
INSERT INTO SECURITY_GROUP_PERMISSION (GROUP_ID,PERMISSION_ID) VALUES ('FLEXADMIN','PARTY_UPDATE');
INSERT INTO SECURITY_GROUP_PERMISSION (GROUP_ID,PERMISSION_ID) VALUES ('FLEXADMIN','PARTY_DELETE');

INSERT INTO SECURITY_PERMISSION (PERMISSION_ID,DESCRIPTION) VALUES ('PARTY_CLASSIFICATION_ADMIN','Permission to Administer a PartyClassification entity.');
INSERT INTO SECURITY_PERMISSION (PERMISSION_ID,DESCRIPTION) VALUES ('PARTY_CLASSIFICATION_VIEW','Permission to View a PartyClassification entity.');
INSERT INTO SECURITY_PERMISSION (PERMISSION_ID,DESCRIPTION) VALUES ('PARTY_CLASSIFICATION_CREATE','Permission to Create a PartyClassification entity.');
INSERT INTO SECURITY_PERMISSION (PERMISSION_ID,DESCRIPTION) VALUES ('PARTY_CLASSIFICATION_UPDATE','Permission to Update a PartyClassification entity.');
INSERT INTO SECURITY_PERMISSION (PERMISSION_ID,DESCRIPTION) VALUES ('PARTY_CLASSIFICATION_DELETE','Permission to Delete a PartyClassification entity.');

INSERT INTO SECURITY_GROUP_PERMISSION (GROUP_ID,PERMISSION_ID) VALUES ('FULLADMIN','PARTY_CLASSIFICATION_ADMIN');
INSERT INTO SECURITY_GROUP_PERMISSION (GROUP_ID,PERMISSION_ID) VALUES ('FLEXADMIN','PARTY_CLASSIFICATION_VIEW');
INSERT INTO SECURITY_GROUP_PERMISSION (GROUP_ID,PERMISSION_ID) VALUES ('FLEXADMIN','PARTY_CLASSIFICATION_CREATE');
INSERT INTO SECURITY_GROUP_PERMISSION (GROUP_ID,PERMISSION_ID) VALUES ('FLEXADMIN','PARTY_CLASSIFICATION_UPDATE');
INSERT INTO SECURITY_GROUP_PERMISSION (GROUP_ID,PERMISSION_ID) VALUES ('FLEXADMIN','PARTY_CLASSIFICATION_DELETE');

INSERT INTO SECURITY_PERMISSION (PERMISSION_ID,DESCRIPTION) VALUES ('PARTY_CLASSIFICATION_TYPE_ADMIN','Permission to Administer a PartyClassificationType entity.');
INSERT INTO SECURITY_PERMISSION (PERMISSION_ID,DESCRIPTION) VALUES ('PARTY_CLASSIFICATION_TYPE_VIEW','Permission to View a PartyClassificationType entity.');
INSERT INTO SECURITY_PERMISSION (PERMISSION_ID,DESCRIPTION) VALUES ('PARTY_CLASSIFICATION_TYPE_CREATE','Permission to Create a PartyClassificationType entity.');
INSERT INTO SECURITY_PERMISSION (PERMISSION_ID,DESCRIPTION) VALUES ('PARTY_CLASSIFICATION_TYPE_UPDATE','Permission to Update a PartyClassificationType entity.');
INSERT INTO SECURITY_PERMISSION (PERMISSION_ID,DESCRIPTION) VALUES ('PARTY_CLASSIFICATION_TYPE_DELETE','Permission to Delete a PartyClassificationType entity.');

INSERT INTO SECURITY_GROUP_PERMISSION (GROUP_ID,PERMISSION_ID) VALUES ('FULLADMIN','PARTY_CLASSIFICATION_TYPE_ADMIN');
INSERT INTO SECURITY_GROUP_PERMISSION (GROUP_ID,PERMISSION_ID) VALUES ('FLEXADMIN','PARTY_CLASSIFICATION_TYPE_VIEW');
INSERT INTO SECURITY_GROUP_PERMISSION (GROUP_ID,PERMISSION_ID) VALUES ('FLEXADMIN','PARTY_CLASSIFICATION_TYPE_CREATE');
INSERT INTO SECURITY_GROUP_PERMISSION (GROUP_ID,PERMISSION_ID) VALUES ('FLEXADMIN','PARTY_CLASSIFICATION_TYPE_UPDATE');
INSERT INTO SECURITY_GROUP_PERMISSION (GROUP_ID,PERMISSION_ID) VALUES ('FLEXADMIN','PARTY_CLASSIFICATION_TYPE_DELETE');

INSERT INTO SECURITY_PERMISSION (PERMISSION_ID,DESCRIPTION) VALUES ('PARTY_TYPE_ADMIN','Permission to Administer a PartyType entity.');
INSERT INTO SECURITY_PERMISSION (PERMISSION_ID,DESCRIPTION) VALUES ('PARTY_TYPE_VIEW','Permission to View a PartyType entity.');
INSERT INTO SECURITY_PERMISSION (PERMISSION_ID,DESCRIPTION) VALUES ('PARTY_TYPE_CREATE','Permission to Create a PartyType entity.');
INSERT INTO SECURITY_PERMISSION (PERMISSION_ID,DESCRIPTION) VALUES ('PARTY_TYPE_UPDATE','Permission to Update a PartyType entity.');
INSERT INTO SECURITY_PERMISSION (PERMISSION_ID,DESCRIPTION) VALUES ('PARTY_TYPE_DELETE','Permission to Delete a PartyType entity.');

INSERT INTO SECURITY_GROUP_PERMISSION (GROUP_ID,PERMISSION_ID) VALUES ('FULLADMIN','PARTY_TYPE_ADMIN');
INSERT INTO SECURITY_GROUP_PERMISSION (GROUP_ID,PERMISSION_ID) VALUES ('FLEXADMIN','PARTY_TYPE_VIEW');
INSERT INTO SECURITY_GROUP_PERMISSION (GROUP_ID,PERMISSION_ID) VALUES ('FLEXADMIN','PARTY_TYPE_CREATE');
INSERT INTO SECURITY_GROUP_PERMISSION (GROUP_ID,PERMISSION_ID) VALUES ('FLEXADMIN','PARTY_TYPE_UPDATE');
INSERT INTO SECURITY_GROUP_PERMISSION (GROUP_ID,PERMISSION_ID) VALUES ('FLEXADMIN','PARTY_TYPE_DELETE');

INSERT INTO SECURITY_PERMISSION (PERMISSION_ID,DESCRIPTION) VALUES ('PARTY_ATTRIBUTE_ADMIN','Permission to Administer a PartyAttribute entity.');
INSERT INTO SECURITY_PERMISSION (PERMISSION_ID,DESCRIPTION) VALUES ('PARTY_ATTRIBUTE_VIEW','Permission to View a PartyAttribute entity.');
INSERT INTO SECURITY_PERMISSION (PERMISSION_ID,DESCRIPTION) VALUES ('PARTY_ATTRIBUTE_CREATE','Permission to Create a PartyAttribute entity.');
INSERT INTO SECURITY_PERMISSION (PERMISSION_ID,DESCRIPTION) VALUES ('PARTY_ATTRIBUTE_UPDATE','Permission to Update a PartyAttribute entity.');
INSERT INTO SECURITY_PERMISSION (PERMISSION_ID,DESCRIPTION) VALUES ('PARTY_ATTRIBUTE_DELETE','Permission to Delete a PartyAttribute entity.');

INSERT INTO SECURITY_GROUP_PERMISSION (GROUP_ID,PERMISSION_ID) VALUES ('FULLADMIN','PARTY_ATTRIBUTE_ADMIN');
INSERT INTO SECURITY_GROUP_PERMISSION (GROUP_ID,PERMISSION_ID) VALUES ('FLEXADMIN','PARTY_ATTRIBUTE_VIEW');
INSERT INTO SECURITY_GROUP_PERMISSION (GROUP_ID,PERMISSION_ID) VALUES ('FLEXADMIN','PARTY_ATTRIBUTE_CREATE');
INSERT INTO SECURITY_GROUP_PERMISSION (GROUP_ID,PERMISSION_ID) VALUES ('FLEXADMIN','PARTY_ATTRIBUTE_UPDATE');
INSERT INTO SECURITY_GROUP_PERMISSION (GROUP_ID,PERMISSION_ID) VALUES ('FLEXADMIN','PARTY_ATTRIBUTE_DELETE');

INSERT INTO SECURITY_PERMISSION (PERMISSION_ID,DESCRIPTION) VALUES ('PARTY_TYPE_ATTR_ADMIN','Permission to Administer a PartyTypeAttr entity.');
INSERT INTO SECURITY_PERMISSION (PERMISSION_ID,DESCRIPTION) VALUES ('PARTY_TYPE_ATTR_VIEW','Permission to View a PartyTypeAttr entity.');
INSERT INTO SECURITY_PERMISSION (PERMISSION_ID,DESCRIPTION) VALUES ('PARTY_TYPE_ATTR_CREATE','Permission to Create a PartyTypeAttr entity.');
INSERT INTO SECURITY_PERMISSION (PERMISSION_ID,DESCRIPTION) VALUES ('PARTY_TYPE_ATTR_UPDATE','Permission to Update a PartyTypeAttr entity.');
INSERT INTO SECURITY_PERMISSION (PERMISSION_ID,DESCRIPTION) VALUES ('PARTY_TYPE_ATTR_DELETE','Permission to Delete a PartyTypeAttr entity.');

INSERT INTO SECURITY_GROUP_PERMISSION (GROUP_ID,PERMISSION_ID) VALUES ('FULLADMIN','PARTY_TYPE_ATTR_ADMIN');
INSERT INTO SECURITY_GROUP_PERMISSION (GROUP_ID,PERMISSION_ID) VALUES ('FLEXADMIN','PARTY_TYPE_ATTR_VIEW');
INSERT INTO SECURITY_GROUP_PERMISSION (GROUP_ID,PERMISSION_ID) VALUES ('FLEXADMIN','PARTY_TYPE_ATTR_CREATE');
INSERT INTO SECURITY_GROUP_PERMISSION (GROUP_ID,PERMISSION_ID) VALUES ('FLEXADMIN','PARTY_TYPE_ATTR_UPDATE');
INSERT INTO SECURITY_GROUP_PERMISSION (GROUP_ID,PERMISSION_ID) VALUES ('FLEXADMIN','PARTY_TYPE_ATTR_DELETE');

INSERT INTO SECURITY_PERMISSION (PERMISSION_ID,DESCRIPTION) VALUES ('USER_LOGIN_ADMIN','Permission to Administer a UserLogin entity.');
INSERT INTO SECURITY_PERMISSION (PERMISSION_ID,DESCRIPTION) VALUES ('USER_LOGIN_VIEW','Permission to View a UserLogin entity.');
INSERT INTO SECURITY_PERMISSION (PERMISSION_ID,DESCRIPTION) VALUES ('USER_LOGIN_CREATE','Permission to Create a UserLogin entity.');
INSERT INTO SECURITY_PERMISSION (PERMISSION_ID,DESCRIPTION) VALUES ('USER_LOGIN_UPDATE','Permission to Update a UserLogin entity.');
INSERT INTO SECURITY_PERMISSION (PERMISSION_ID,DESCRIPTION) VALUES ('USER_LOGIN_DELETE','Permission to Delete a UserLogin entity.');

INSERT INTO SECURITY_GROUP_PERMISSION (GROUP_ID,PERMISSION_ID) VALUES ('FULLADMIN','USER_LOGIN_ADMIN');
INSERT INTO SECURITY_GROUP_PERMISSION (GROUP_ID,PERMISSION_ID) VALUES ('FLEXADMIN','USER_LOGIN_VIEW');
INSERT INTO SECURITY_GROUP_PERMISSION (GROUP_ID,PERMISSION_ID) VALUES ('FLEXADMIN','USER_LOGIN_CREATE');
INSERT INTO SECURITY_GROUP_PERMISSION (GROUP_ID,PERMISSION_ID) VALUES ('FLEXADMIN','USER_LOGIN_UPDATE');
INSERT INTO SECURITY_GROUP_PERMISSION (GROUP_ID,PERMISSION_ID) VALUES ('FLEXADMIN','USER_LOGIN_DELETE');

INSERT INTO SECURITY_PERMISSION (PERMISSION_ID,DESCRIPTION) VALUES ('LOGIN_ACCOUNT_HISTORY_ADMIN','Permission to Administer a LoginAccountHistory entity.');
INSERT INTO SECURITY_PERMISSION (PERMISSION_ID,DESCRIPTION) VALUES ('LOGIN_ACCOUNT_HISTORY_VIEW','Permission to View a LoginAccountHistory entity.');
INSERT INTO SECURITY_PERMISSION (PERMISSION_ID,DESCRIPTION) VALUES ('LOGIN_ACCOUNT_HISTORY_CREATE','Permission to Create a LoginAccountHistory entity.');
INSERT INTO SECURITY_PERMISSION (PERMISSION_ID,DESCRIPTION) VALUES ('LOGIN_ACCOUNT_HISTORY_UPDATE','Permission to Update a LoginAccountHistory entity.');
INSERT INTO SECURITY_PERMISSION (PERMISSION_ID,DESCRIPTION) VALUES ('LOGIN_ACCOUNT_HISTORY_DELETE','Permission to Delete a LoginAccountHistory entity.');

INSERT INTO SECURITY_GROUP_PERMISSION (GROUP_ID,PERMISSION_ID) VALUES ('FULLADMIN','LOGIN_ACCOUNT_HISTORY_ADMIN');
INSERT INTO SECURITY_GROUP_PERMISSION (GROUP_ID,PERMISSION_ID) VALUES ('FLEXADMIN','LOGIN_ACCOUNT_HISTORY_VIEW');
INSERT INTO SECURITY_GROUP_PERMISSION (GROUP_ID,PERMISSION_ID) VALUES ('FLEXADMIN','LOGIN_ACCOUNT_HISTORY_CREATE');
INSERT INTO SECURITY_GROUP_PERMISSION (GROUP_ID,PERMISSION_ID) VALUES ('FLEXADMIN','LOGIN_ACCOUNT_HISTORY_UPDATE');
INSERT INTO SECURITY_GROUP_PERMISSION (GROUP_ID,PERMISSION_ID) VALUES ('FLEXADMIN','LOGIN_ACCOUNT_HISTORY_DELETE');

INSERT INTO SECURITY_PERMISSION (PERMISSION_ID,DESCRIPTION) VALUES ('SECURITY_GROUP_ADMIN','Permission to Administer a SecurityGroup entity.');
INSERT INTO SECURITY_PERMISSION (PERMISSION_ID,DESCRIPTION) VALUES ('SECURITY_GROUP_VIEW','Permission to View a SecurityGroup entity.');
INSERT INTO SECURITY_PERMISSION (PERMISSION_ID,DESCRIPTION) VALUES ('SECURITY_GROUP_CREATE','Permission to Create a SecurityGroup entity.');
INSERT INTO SECURITY_PERMISSION (PERMISSION_ID,DESCRIPTION) VALUES ('SECURITY_GROUP_UPDATE','Permission to Update a SecurityGroup entity.');
INSERT INTO SECURITY_PERMISSION (PERMISSION_ID,DESCRIPTION) VALUES ('SECURITY_GROUP_DELETE','Permission to Delete a SecurityGroup entity.');

INSERT INTO SECURITY_GROUP_PERMISSION (GROUP_ID,PERMISSION_ID) VALUES ('FULLADMIN','SECURITY_GROUP_ADMIN');
INSERT INTO SECURITY_GROUP_PERMISSION (GROUP_ID,PERMISSION_ID) VALUES ('FLEXADMIN','SECURITY_GROUP_VIEW');
INSERT INTO SECURITY_GROUP_PERMISSION (GROUP_ID,PERMISSION_ID) VALUES ('FLEXADMIN','SECURITY_GROUP_CREATE');
INSERT INTO SECURITY_GROUP_PERMISSION (GROUP_ID,PERMISSION_ID) VALUES ('FLEXADMIN','SECURITY_GROUP_UPDATE');
INSERT INTO SECURITY_GROUP_PERMISSION (GROUP_ID,PERMISSION_ID) VALUES ('FLEXADMIN','SECURITY_GROUP_DELETE');

INSERT INTO SECURITY_PERMISSION (PERMISSION_ID,DESCRIPTION) VALUES ('SECURITY_PERMISSION_ADMIN','Permission to Administer a SecurityPermission entity.');
INSERT INTO SECURITY_PERMISSION (PERMISSION_ID,DESCRIPTION) VALUES ('SECURITY_PERMISSION_VIEW','Permission to View a SecurityPermission entity.');
INSERT INTO SECURITY_PERMISSION (PERMISSION_ID,DESCRIPTION) VALUES ('SECURITY_PERMISSION_CREATE','Permission to Create a SecurityPermission entity.');
INSERT INTO SECURITY_PERMISSION (PERMISSION_ID,DESCRIPTION) VALUES ('SECURITY_PERMISSION_UPDATE','Permission to Update a SecurityPermission entity.');
INSERT INTO SECURITY_PERMISSION (PERMISSION_ID,DESCRIPTION) VALUES ('SECURITY_PERMISSION_DELETE','Permission to Delete a SecurityPermission entity.');

INSERT INTO SECURITY_GROUP_PERMISSION (GROUP_ID,PERMISSION_ID) VALUES ('FULLADMIN','SECURITY_PERMISSION_ADMIN');
INSERT INTO SECURITY_GROUP_PERMISSION (GROUP_ID,PERMISSION_ID) VALUES ('FLEXADMIN','SECURITY_PERMISSION_VIEW');
INSERT INTO SECURITY_GROUP_PERMISSION (GROUP_ID,PERMISSION_ID) VALUES ('FLEXADMIN','SECURITY_PERMISSION_CREATE');
INSERT INTO SECURITY_GROUP_PERMISSION (GROUP_ID,PERMISSION_ID) VALUES ('FLEXADMIN','SECURITY_PERMISSION_UPDATE');
INSERT INTO SECURITY_GROUP_PERMISSION (GROUP_ID,PERMISSION_ID) VALUES ('FLEXADMIN','SECURITY_PERMISSION_DELETE');

INSERT INTO SECURITY_PERMISSION (PERMISSION_ID,DESCRIPTION) VALUES ('SECURITY_GROUP_PERMISSION_ADMIN','Permission to Administer a SecurityGroupPermission entity.');
INSERT INTO SECURITY_PERMISSION (PERMISSION_ID,DESCRIPTION) VALUES ('SECURITY_GROUP_PERMISSION_VIEW','Permission to View a SecurityGroupPermission entity.');
INSERT INTO SECURITY_PERMISSION (PERMISSION_ID,DESCRIPTION) VALUES ('SECURITY_GROUP_PERMISSION_CREATE','Permission to Create a SecurityGroupPermission entity.');
INSERT INTO SECURITY_PERMISSION (PERMISSION_ID,DESCRIPTION) VALUES ('SECURITY_GROUP_PERMISSION_UPDATE','Permission to Update a SecurityGroupPermission entity.');
INSERT INTO SECURITY_PERMISSION (PERMISSION_ID,DESCRIPTION) VALUES ('SECURITY_GROUP_PERMISSION_DELETE','Permission to Delete a SecurityGroupPermission entity.');

INSERT INTO SECURITY_GROUP_PERMISSION (GROUP_ID,PERMISSION_ID) VALUES ('FULLADMIN','SECURITY_GROUP_PERMISSION_ADMIN');
INSERT INTO SECURITY_GROUP_PERMISSION (GROUP_ID,PERMISSION_ID) VALUES ('FLEXADMIN','SECURITY_GROUP_PERMISSION_VIEW');
INSERT INTO SECURITY_GROUP_PERMISSION (GROUP_ID,PERMISSION_ID) VALUES ('FLEXADMIN','SECURITY_GROUP_PERMISSION_CREATE');
INSERT INTO SECURITY_GROUP_PERMISSION (GROUP_ID,PERMISSION_ID) VALUES ('FLEXADMIN','SECURITY_GROUP_PERMISSION_UPDATE');
INSERT INTO SECURITY_GROUP_PERMISSION (GROUP_ID,PERMISSION_ID) VALUES ('FLEXADMIN','SECURITY_GROUP_PERMISSION_DELETE');

INSERT INTO SECURITY_PERMISSION (PERMISSION_ID,DESCRIPTION) VALUES ('USER_LOGIN_SECURITY_GROUP_ADMIN','Permission to Administer a UserLoginSecurityGroup entity.');
INSERT INTO SECURITY_PERMISSION (PERMISSION_ID,DESCRIPTION) VALUES ('USER_LOGIN_SECURITY_GROUP_VIEW','Permission to View a UserLoginSecurityGroup entity.');
INSERT INTO SECURITY_PERMISSION (PERMISSION_ID,DESCRIPTION) VALUES ('USER_LOGIN_SECURITY_GROUP_CREATE','Permission to Create a UserLoginSecurityGroup entity.');
INSERT INTO SECURITY_PERMISSION (PERMISSION_ID,DESCRIPTION) VALUES ('USER_LOGIN_SECURITY_GROUP_UPDATE','Permission to Update a UserLoginSecurityGroup entity.');
INSERT INTO SECURITY_PERMISSION (PERMISSION_ID,DESCRIPTION) VALUES ('USER_LOGIN_SECURITY_GROUP_DELETE','Permission to Delete a UserLoginSecurityGroup entity.');

INSERT INTO SECURITY_GROUP_PERMISSION (GROUP_ID,PERMISSION_ID) VALUES ('FULLADMIN','USER_LOGIN_SECURITY_GROUP_ADMIN');
INSERT INTO SECURITY_GROUP_PERMISSION (GROUP_ID,PERMISSION_ID) VALUES ('FLEXADMIN','USER_LOGIN_SECURITY_GROUP_VIEW');
INSERT INTO SECURITY_GROUP_PERMISSION (GROUP_ID,PERMISSION_ID) VALUES ('FLEXADMIN','USER_LOGIN_SECURITY_GROUP_CREATE');
INSERT INTO SECURITY_GROUP_PERMISSION (GROUP_ID,PERMISSION_ID) VALUES ('FLEXADMIN','USER_LOGIN_SECURITY_GROUP_UPDATE');
INSERT INTO SECURITY_GROUP_PERMISSION (GROUP_ID,PERMISSION_ID) VALUES ('FLEXADMIN','USER_LOGIN_SECURITY_GROUP_DELETE');


COMMIT;

