
INSERT INTO USER_LOGIN (USER_LOGIN_ID,CURRENT_PASSWORD) VALUES ('admin','ofbiz');
INSERT INTO USER_LOGIN (USER_LOGIN_ID,CURRENT_PASSWORD) VALUES ('flexadmin','ofbiz');

INSERT INTO SECURITY_GROUP (GROUP_ID,DESCRIPTION) VALUES ('FULLADMIN','Full Admin group, has all general permissions.');
INSERT INTO USER_LOGIN_SECURITY_GROUP (USER_LOGIN_ID,GROUP_ID) VALUES ('admin','FULLADMIN');
INSERT INTO SECURITY_GROUP (GROUP_ID,DESCRIPTION) VALUES ('FLEXADMIN','Flexible Administrator, has all granular permissions.');
INSERT INTO USER_LOGIN_SECURITY_GROUP (USER_LOGIN_ID,GROUP_ID) VALUES ('flexadmin','FLEXADMIN');

INSERT INTO SECURITY_PERMISSION (PERMISSION_ID,DESCRIPTION) VALUES ('ENTITY_MAINT','Permission to View the Entity Maintenance page.');
INSERT INTO SECURITY_GROUP_PERMISSION (GROUP_ID,PERMISSION_ID) VALUES ('FULLADMIN','ENTITY_MAINT');
INSERT INTO SECURITY_GROUP_PERMISSION (GROUP_ID,PERMISSION_ID) VALUES ('FLEXADMIN','ENTITY_MAINT');

INSERT INTO SECURITY_PERMISSION (PERMISSION_ID,DESCRIPTION) VALUES ('UTIL_CACHE_VIEW','Permission to View a UtilCache instance.');
INSERT INTO SECURITY_GROUP_PERMISSION (GROUP_ID,PERMISSION_ID) VALUES ('FULLADMIN','UTIL_CACHE_VIEW');
INSERT INTO SECURITY_GROUP_PERMISSION (GROUP_ID,PERMISSION_ID) VALUES ('FLEXADMIN','UTIL_CACHE_VIEW');
INSERT INTO SECURITY_PERMISSION (PERMISSION_ID,DESCRIPTION) VALUES ('UTIL_CACHE_EDIT','Permission to Edit a UtilCache instance.');
INSERT INTO SECURITY_GROUP_PERMISSION (GROUP_ID,PERMISSION_ID) VALUES ('FULLADMIN','UTIL_CACHE_EDIT');
INSERT INTO SECURITY_GROUP_PERMISSION (GROUP_ID,PERMISSION_ID) VALUES ('FLEXADMIN','UTIL_CACHE_EDIT');


-- Begin Generated Section --
INSERT INTO SECURITY_PERMISSION (PERMISSION_ID,DESCRIPTION) VALUES ('USER_LOGIN_ADMIN','Permission to Administer a UserLogin entity.');
INSERT INTO SECURITY_PERMISSION (PERMISSION_ID,DESCRIPTION) VALUES ('USER_LOGIN_VIEW','Permission to View a UserLogin entity.');
INSERT INTO SECURITY_PERMISSION (PERMISSION_ID,DESCRIPTION) VALUES ('USER_LOGIN_CREATE','Permission to Create a UserLogin entity.');
INSERT INTO SECURITY_PERMISSION (PERMISSION_ID,DESCRIPTION) VALUES ('USER_LOGIN_UPDATE','Permission to Update a UserLogin entity.');
INSERT INTO SECURITY_PERMISSION (PERMISSION_ID,DESCRIPTION) VALUES ('USER_LOGIN_DELETE','Permission to Delete a UserLogin entity.');

INSERT INTO SECURITY_GROUP_PERMISSION (GROUP_ID,PERMISSION_ID) VALUES ('FULLADMIN','USER_LOGIN_ADMIN');
INSERT INTO SECURITY_GROUP_PERMISSION (GROUP_ID,PERMISSION_ID) VALUES ('FLEXADMIN','USER_LOGIN_VIEW');
INSERT INTO SECURITY_GROUP_PERMISSION (GROUP_ID,PERMISSION_ID) VALUES ('FLEXADMIN','USER_LOGIN_CREATE');
INSERT INTO SECURITY_GROUP_PERMISSION (GROUP_ID,PERMISSION_ID) VALUES ('FLEXADMIN','USER_LOGIN_UPDATE');
INSERT INTO SECURITY_GROUP_PERMISSION (GROUP_ID,PERMISSION_ID) VALUES ('FLEXADMIN','USER_LOGIN_DELETE');

INSERT INTO SECURITY_PERMISSION (PERMISSION_ID,DESCRIPTION) VALUES ('LOGIN_ACCOUNT_HISTORY_ADMIN','Permission to Administer a LoginAccountHistory entity.');
INSERT INTO SECURITY_PERMISSION (PERMISSION_ID,DESCRIPTION) VALUES ('LOGIN_ACCOUNT_HISTORY_VIEW','Permission to View a LoginAccountHistory entity.');
INSERT INTO SECURITY_PERMISSION (PERMISSION_ID,DESCRIPTION) VALUES ('LOGIN_ACCOUNT_HISTORY_CREATE','Permission to Create a LoginAccountHistory entity.');
INSERT INTO SECURITY_PERMISSION (PERMISSION_ID,DESCRIPTION) VALUES ('LOGIN_ACCOUNT_HISTORY_UPDATE','Permission to Update a LoginAccountHistory entity.');
INSERT INTO SECURITY_PERMISSION (PERMISSION_ID,DESCRIPTION) VALUES ('LOGIN_ACCOUNT_HISTORY_DELETE','Permission to Delete a LoginAccountHistory entity.');

INSERT INTO SECURITY_GROUP_PERMISSION (GROUP_ID,PERMISSION_ID) VALUES ('FULLADMIN','LOGIN_ACCOUNT_HISTORY_ADMIN');
INSERT INTO SECURITY_GROUP_PERMISSION (GROUP_ID,PERMISSION_ID) VALUES ('FLEXADMIN','LOGIN_ACCOUNT_HISTORY_VIEW');
INSERT INTO SECURITY_GROUP_PERMISSION (GROUP_ID,PERMISSION_ID) VALUES ('FLEXADMIN','LOGIN_ACCOUNT_HISTORY_CREATE');
INSERT INTO SECURITY_GROUP_PERMISSION (GROUP_ID,PERMISSION_ID) VALUES ('FLEXADMIN','LOGIN_ACCOUNT_HISTORY_UPDATE');
INSERT INTO SECURITY_GROUP_PERMISSION (GROUP_ID,PERMISSION_ID) VALUES ('FLEXADMIN','LOGIN_ACCOUNT_HISTORY_DELETE');

INSERT INTO SECURITY_PERMISSION (PERMISSION_ID,DESCRIPTION) VALUES ('SECURITY_GROUP_ADMIN','Permission to Administer a SecurityGroup entity.');
INSERT INTO SECURITY_PERMISSION (PERMISSION_ID,DESCRIPTION) VALUES ('SECURITY_GROUP_VIEW','Permission to View a SecurityGroup entity.');
INSERT INTO SECURITY_PERMISSION (PERMISSION_ID,DESCRIPTION) VALUES ('SECURITY_GROUP_CREATE','Permission to Create a SecurityGroup entity.');
INSERT INTO SECURITY_PERMISSION (PERMISSION_ID,DESCRIPTION) VALUES ('SECURITY_GROUP_UPDATE','Permission to Update a SecurityGroup entity.');
INSERT INTO SECURITY_PERMISSION (PERMISSION_ID,DESCRIPTION) VALUES ('SECURITY_GROUP_DELETE','Permission to Delete a SecurityGroup entity.');

INSERT INTO SECURITY_GROUP_PERMISSION (GROUP_ID,PERMISSION_ID) VALUES ('FULLADMIN','SECURITY_GROUP_ADMIN');
INSERT INTO SECURITY_GROUP_PERMISSION (GROUP_ID,PERMISSION_ID) VALUES ('FLEXADMIN','SECURITY_GROUP_VIEW');
INSERT INTO SECURITY_GROUP_PERMISSION (GROUP_ID,PERMISSION_ID) VALUES ('FLEXADMIN','SECURITY_GROUP_CREATE');
INSERT INTO SECURITY_GROUP_PERMISSION (GROUP_ID,PERMISSION_ID) VALUES ('FLEXADMIN','SECURITY_GROUP_UPDATE');
INSERT INTO SECURITY_GROUP_PERMISSION (GROUP_ID,PERMISSION_ID) VALUES ('FLEXADMIN','SECURITY_GROUP_DELETE');

INSERT INTO SECURITY_PERMISSION (PERMISSION_ID,DESCRIPTION) VALUES ('SECURITY_PERMISSION_ADMIN','Permission to Administer a SecurityPermission entity.');
INSERT INTO SECURITY_PERMISSION (PERMISSION_ID,DESCRIPTION) VALUES ('SECURITY_PERMISSION_VIEW','Permission to View a SecurityPermission entity.');
INSERT INTO SECURITY_PERMISSION (PERMISSION_ID,DESCRIPTION) VALUES ('SECURITY_PERMISSION_CREATE','Permission to Create a SecurityPermission entity.');
INSERT INTO SECURITY_PERMISSION (PERMISSION_ID,DESCRIPTION) VALUES ('SECURITY_PERMISSION_UPDATE','Permission to Update a SecurityPermission entity.');
INSERT INTO SECURITY_PERMISSION (PERMISSION_ID,DESCRIPTION) VALUES ('SECURITY_PERMISSION_DELETE','Permission to Delete a SecurityPermission entity.');

INSERT INTO SECURITY_GROUP_PERMISSION (GROUP_ID,PERMISSION_ID) VALUES ('FULLADMIN','SECURITY_PERMISSION_ADMIN');
INSERT INTO SECURITY_GROUP_PERMISSION (GROUP_ID,PERMISSION_ID) VALUES ('FLEXADMIN','SECURITY_PERMISSION_VIEW');
INSERT INTO SECURITY_GROUP_PERMISSION (GROUP_ID,PERMISSION_ID) VALUES ('FLEXADMIN','SECURITY_PERMISSION_CREATE');
INSERT INTO SECURITY_GROUP_PERMISSION (GROUP_ID,PERMISSION_ID) VALUES ('FLEXADMIN','SECURITY_PERMISSION_UPDATE');
INSERT INTO SECURITY_GROUP_PERMISSION (GROUP_ID,PERMISSION_ID) VALUES ('FLEXADMIN','SECURITY_PERMISSION_DELETE');

INSERT INTO SECURITY_PERMISSION (PERMISSION_ID,DESCRIPTION) VALUES ('SECURITY_GROUP_PERMISSION_ADMIN','Permission to Administer a SecurityGroupPermission entity.');
INSERT INTO SECURITY_PERMISSION (PERMISSION_ID,DESCRIPTION) VALUES ('SECURITY_GROUP_PERMISSION_VIEW','Permission to View a SecurityGroupPermission entity.');
INSERT INTO SECURITY_PERMISSION (PERMISSION_ID,DESCRIPTION) VALUES ('SECURITY_GROUP_PERMISSION_CREATE','Permission to Create a SecurityGroupPermission entity.');
INSERT INTO SECURITY_PERMISSION (PERMISSION_ID,DESCRIPTION) VALUES ('SECURITY_GROUP_PERMISSION_UPDATE','Permission to Update a SecurityGroupPermission entity.');
INSERT INTO SECURITY_PERMISSION (PERMISSION_ID,DESCRIPTION) VALUES ('SECURITY_GROUP_PERMISSION_DELETE','Permission to Delete a SecurityGroupPermission entity.');

INSERT INTO SECURITY_GROUP_PERMISSION (GROUP_ID,PERMISSION_ID) VALUES ('FULLADMIN','SECURITY_GROUP_PERMISSION_ADMIN');
INSERT INTO SECURITY_GROUP_PERMISSION (GROUP_ID,PERMISSION_ID) VALUES ('FLEXADMIN','SECURITY_GROUP_PERMISSION_VIEW');
INSERT INTO SECURITY_GROUP_PERMISSION (GROUP_ID,PERMISSION_ID) VALUES ('FLEXADMIN','SECURITY_GROUP_PERMISSION_CREATE');
INSERT INTO SECURITY_GROUP_PERMISSION (GROUP_ID,PERMISSION_ID) VALUES ('FLEXADMIN','SECURITY_GROUP_PERMISSION_UPDATE');
INSERT INTO SECURITY_GROUP_PERMISSION (GROUP_ID,PERMISSION_ID) VALUES ('FLEXADMIN','SECURITY_GROUP_PERMISSION_DELETE');

INSERT INTO SECURITY_PERMISSION (PERMISSION_ID,DESCRIPTION) VALUES ('USER_LOGIN_SECURITY_GROUP_ADMIN','Permission to Administer a UserLoginSecurityGroup entity.');
INSERT INTO SECURITY_PERMISSION (PERMISSION_ID,DESCRIPTION) VALUES ('USER_LOGIN_SECURITY_GROUP_VIEW','Permission to View a UserLoginSecurityGroup entity.');
INSERT INTO SECURITY_PERMISSION (PERMISSION_ID,DESCRIPTION) VALUES ('USER_LOGIN_SECURITY_GROUP_CREATE','Permission to Create a UserLoginSecurityGroup entity.');
INSERT INTO SECURITY_PERMISSION (PERMISSION_ID,DESCRIPTION) VALUES ('USER_LOGIN_SECURITY_GROUP_UPDATE','Permission to Update a UserLoginSecurityGroup entity.');
INSERT INTO SECURITY_PERMISSION (PERMISSION_ID,DESCRIPTION) VALUES ('USER_LOGIN_SECURITY_GROUP_DELETE','Permission to Delete a UserLoginSecurityGroup entity.');

INSERT INTO SECURITY_GROUP_PERMISSION (GROUP_ID,PERMISSION_ID) VALUES ('FULLADMIN','USER_LOGIN_SECURITY_GROUP_ADMIN');
INSERT INTO SECURITY_GROUP_PERMISSION (GROUP_ID,PERMISSION_ID) VALUES ('FLEXADMIN','USER_LOGIN_SECURITY_GROUP_VIEW');
INSERT INTO SECURITY_GROUP_PERMISSION (GROUP_ID,PERMISSION_ID) VALUES ('FLEXADMIN','USER_LOGIN_SECURITY_GROUP_CREATE');
INSERT INTO SECURITY_GROUP_PERMISSION (GROUP_ID,PERMISSION_ID) VALUES ('FLEXADMIN','USER_LOGIN_SECURITY_GROUP_UPDATE');
INSERT INTO SECURITY_GROUP_PERMISSION (GROUP_ID,PERMISSION_ID) VALUES ('FLEXADMIN','USER_LOGIN_SECURITY_GROUP_DELETE');

COMMIT;

