
-- Setup default security: two administrator users, with all permission, but in different ways
INSERT INTO USER_LOGIN (USER_LOGIN_ID,CURRENT_PASSWORD,PARTY_ID) VALUES ('admin','ofbiz','admin');
INSERT INTO USER_LOGIN (USER_LOGIN_ID,CURRENT_PASSWORD) VALUES ('flexadmin','ofbiz');

INSERT INTO SECURITY_GROUP (GROUP_ID,DESCRIPTION) VALUES ('FULLADMIN','Full Admin group, has all general permissions.');
INSERT INTO USER_LOGIN_SECURITY_GROUP (USER_LOGIN_ID,GROUP_ID) VALUES ('admin','FULLADMIN');
INSERT INTO SECURITY_GROUP (GROUP_ID,DESCRIPTION) VALUES ('FLEXADMIN','Flexible Administrator, has all granular permissions.');
INSERT INTO USER_LOGIN_SECURITY_GROUP (USER_LOGIN_ID,GROUP_ID) VALUES ('flexadmin','FLEXADMIN');

INSERT INTO SECURITY_PERMISSION (PERMISSION_ID,DESCRIPTION) VALUES ('ENTITY_MAINT','Permission to View the Entity Maintenance page.');
INSERT INTO SECURITY_GROUP_PERMISSION (GROUP_ID,PERMISSION_ID) VALUES ('FULLADMIN','ENTITY_MAINT');
INSERT INTO SECURITY_GROUP_PERMISSION (GROUP_ID,PERMISSION_ID) VALUES ('FLEXADMIN','ENTITY_MAINT');

INSERT INTO SECURITY_PERMISSION (PERMISSION_ID,DESCRIPTION) VALUES ('UTIL_CACHE_VIEW','Permission to View a UtilCache instance.');
INSERT INTO SECURITY_GROUP_PERMISSION (GROUP_ID,PERMISSION_ID) VALUES ('FULLADMIN','UTIL_CACHE_VIEW');
INSERT INTO SECURITY_GROUP_PERMISSION (GROUP_ID,PERMISSION_ID) VALUES ('FLEXADMIN','UTIL_CACHE_VIEW');
INSERT INTO SECURITY_PERMISSION (PERMISSION_ID,DESCRIPTION) VALUES ('UTIL_CACHE_EDIT','Permission to Edit a UtilCache instance.');
INSERT INTO SECURITY_GROUP_PERMISSION (GROUP_ID,PERMISSION_ID) VALUES ('FULLADMIN','UTIL_CACHE_EDIT');
INSERT INTO SECURITY_GROUP_PERMISSION (GROUP_ID,PERMISSION_ID) VALUES ('FLEXADMIN','UTIL_CACHE_EDIT');

-- Some data to play with
INSERT INTO PARTY_TYPE (PARTY_TYPE_ID, HAS_TABLE, PARENT_TYPE_ID) VALUES ('ADMIN_1', 'N', 'ADMIN_PARENT_1');
INSERT INTO PARTY_TYPE (PARTY_TYPE_ID, HAS_TABLE, PARENT_TYPE_ID) VALUES ('ADMIN_2', 'N', 'ADMIN_PARENT_1');
INSERT INTO PARTY_TYPE (PARTY_TYPE_ID, HAS_TABLE, PARENT_TYPE_ID) VALUES ('ADMIN_3', 'N', 'ADMIN_PARENT_1');
INSERT INTO PARTY_TYPE (PARTY_TYPE_ID, HAS_TABLE, PARENT_TYPE_ID) VALUES ('ADMIN_4', 'N', 'ADMIN_PARENT_1');
INSERT INTO PARTY_TYPE (PARTY_TYPE_ID, HAS_TABLE, PARENT_TYPE_ID) VALUES ('ADMIN_5', 'N', 'ADMIN_PARENT_1');
INSERT INTO PARTY_TYPE (PARTY_TYPE_ID, HAS_TABLE, PARENT_TYPE_ID) VALUES ('ADMIN_6', 'N', 'ADMIN_PARENT_1');
INSERT INTO PARTY_TYPE (PARTY_TYPE_ID, HAS_TABLE, PARENT_TYPE_ID) VALUES ('ADMIN_7', 'N', 'ADMIN_PARENT_1');
INSERT INTO PARTY_TYPE (PARTY_TYPE_ID, HAS_TABLE, PARENT_TYPE_ID) VALUES ('ADMIN_8', 'N', 'ADMIN_PARENT_1');
INSERT INTO PARTY_TYPE (PARTY_TYPE_ID, HAS_TABLE, PARENT_TYPE_ID) VALUES ('ADMIN_9', 'N', 'ADMIN_PARENT_1');
INSERT INTO PARTY_TYPE (PARTY_TYPE_ID, HAS_TABLE, PARENT_TYPE_ID) VALUES ('ADMIN_10', 'N', 'ADMIN_PARENT_1');
INSERT INTO PARTY_TYPE (PARTY_TYPE_ID, HAS_TABLE, PARENT_TYPE_ID) VALUES ('ADMIN_11', 'N', 'ADMIN_PARENT_1');
INSERT INTO PARTY_TYPE (PARTY_TYPE_ID, HAS_TABLE, PARENT_TYPE_ID) VALUES ('ADMIN_12', 'N', 'ADMIN_PARENT_1');
INSERT INTO PARTY_TYPE (PARTY_TYPE_ID, HAS_TABLE, PARENT_TYPE_ID) VALUES ('ADMIN_13', 'N', 'ADMIN_PARENT_1');
INSERT INTO PARTY_TYPE (PARTY_TYPE_ID, HAS_TABLE, PARENT_TYPE_ID) VALUES ('ADMIN_20', 'N', 'ADMIN_PARENT_2');
INSERT INTO PARTY_TYPE (PARTY_TYPE_ID, HAS_TABLE, PARENT_TYPE_ID) VALUES ('ADMIN_21', 'N', 'ADMIN_PARENT_2');
INSERT INTO PARTY_TYPE (PARTY_TYPE_ID, HAS_TABLE, PARENT_TYPE_ID) VALUES ('ADMIN_PARENT_1', 'N', 'ADMIN_GRAND_PARENT_1');
INSERT INTO PARTY_TYPE (PARTY_TYPE_ID, HAS_TABLE, PARENT_TYPE_ID) VALUES ('ADMIN_PARENT_2', 'N', 'ADMIN_GRAND_PARENT_1');
INSERT INTO PARTY_TYPE (PARTY_TYPE_ID, HAS_TABLE, PARENT_TYPE_ID) VALUES ('ADMIN_PARENT_3', 'N', 'ADMIN_GRAND_PARENT_1');
INSERT INTO PARTY_TYPE (PARTY_TYPE_ID, HAS_TABLE, PARENT_TYPE_ID) VALUES ('ADMIN_GRAND_PARENT_1', 'N', '');

INSERT INTO PARTY (PARTY_ID) VALUES ('admin');
INSERT INTO PARTY_CLASSIFICATION (PARTY_ID, PARTY_TYPE_ID) VALUES ('admin', 'ADMIN_1');
INSERT INTO PARTY_CLASSIFICATION (PARTY_ID, PARTY_TYPE_ID) VALUES ('admin', 'ADMIN_21');
INSERT INTO PARTY_TYPE_ATTR (PARTY_TYPE_ID, NAME) VALUES ('ADMIN_1', 'GOOD_ADMIN');
INSERT INTO PARTY_TYPE_ATTR (PARTY_TYPE_ID, NAME) VALUES ('ADMIN_1', 'KNOWS_OFBIZ');
INSERT INTO PARTY_ATTRIBUTE (PARTY_ID, NAME, VALUE) VALUES ('admin', 'GOOD_ADMIN', 'Definately not');
INSERT INTO PARTY_ATTRIBUTE (PARTY_ID, NAME, VALUE) VALUES ('admin', 'KNOWS_OFBIZ', 'Yes, definately');


