<section>
<name filename="appletmode">The BeanShell Demo Applet</name>

<img src="appletmode.gif"/>
<br CLEAR="ALL"/>
<p/>

The BeanShell Applet is primarily for demonstration and educational purposes.
It allows you to experiment with BeanShell live, directly in your web
browser.  

You can try the applet live at the following locations:
<p/>

<h3>Swing JConsole Applet</h3>
A Swing enabled JConsole usable with the Java plug-in 
(or other swing capable browser:
<p/>

<a href="http://www.beanshell.org/jbshdemo.html">
BeanShell Demo with Swing Console</a>
(http://www.beanshell.org/jbshdemo.html)
<p/>

<h3>AWT Console Applet</h3>
A minimal (not very good) AWT based console that should work in any browser.
<p/>

<a href="http://www.beanshell.org/awtbshdemo.html">
BeanShell Demo with simple AWT Console</a>
(http://www.beanshell.org/awtbshdemo.html)
<p/>

<h3>Signed JConsole Applet</h3>

There are many additional security restrictions on Applets and this limits
what you can do with BeanShell in this mode.  For unrestricted access 
try the signed version of the applet here.  It requires the Java 1.4 plug-in
to function.
<p/>

A Swing enabled JConsole as a signed applet with the Java plug-in 
(or other swing capable browser).  The signed
applet will allow you unrestricted access to your environment through
scripting.
<p/>

<a href="http://www.beanshell.org/signedjbshdemo.html">
BeanShell Demo with Swing Console - Signed Applet</a>
(http://www.beanshell.org/signedjbshdemo.html)
<p/>

</section>
