<section>
<name filename="syntax">BeanShell Syntax</name>

BeanShell is, foremost, a Java interpreter. So you probably already know 
most of what you need to start scripting with BeanShell.  This 
section describes specifically what portion of the Java language BeanShell 
interprets and how BeanShell extends it or "loosens it" to be more 
scripting-language-like.
<p/>

<h2> Standard Java Syntax </h2>

In a BeanShell script (and on the command line) you can type normal 
Java statements and expressions and display the results.  
Statements and expressions are the kinds of things you normally find 
inside of a Java method: variable assignments, method calls, math 
expressions, for-loops, etc.  

<p/>

Here are some examples:

<example>
/*
    Standard Java syntax
*/

// Use a hashtable
Hashtable hashtable = new Hashtable();
Date date = new Date();
hashtable.put( "today", date );

// Print the current clock value
print( System.currentTimeMillis() );

// Loop
for (int i=0; i&lt;5; i++)
    print(i);

// Pop up a frame with a button in it
JButton button = new JButton( "My Button" );
JFrame frame = new JFrame( "My Frame" );
frame.getContentPane().add( button, "Center" );
frame.pack();
frame.setVisible(true);
</example>

You can also define your own methods and use them just as you would inside a 
Java class.  We'll get to that in a moment.

<h2>Loosely Typed Java Syntax </h2>

In the examples above, all of our variables have declared types. e.g. 
"JButton button".  Beanshell will enforce these types, as you will see if 
you later try to assign something other than a JButton to the variable 
"button" (you will get an error message).
However BeanShell also supports "loose" or dynamically typed variables.
That is, you can refer to 
variables without declaring them first and without specifying any type.
In this case BeanShell will do type checking where appropriate at runtime.  
So, for example, we could have left off the types in the above example and 
written all of the above as:

<example>
/*
    Loosely Typed Java syntax
*/

// Use a hashtable
hashtable = new Hashtable();
date = new Date();
hashtable.put( "today", date );

// Print the current clock value
print( System.currentTimeMillis() );

// Loop
for (i=0; i&lt;5; i++)
    print(i);

// Pop up a frame with a button in it
button = new JButton( "My Button" );
frame = new JFrame( "My Frame" );
frame.getContentPane().add( button, "Center" );
frame.pack();
frame.setVisible(true);
</example>

This may not seem like it has saved us a great deal of work.  But you will
feel the difference when you come to rely on scripting as part of your
development and testing process; especially for in interactive use.
<p/>

When a "loose" variable is used you are free to reassign it to another type of 
Java object later.  Untyped BeanShell variables can also freely hold Java 
primitive values like <b>int</b>
and <b>boolean</b>.  Don't worry, BeanShell always knows the real types and 
only lets you use the values where appropriate.  For primitive types this 
includes doing the
correct numeric promotion that the real Java language would do when you use
them in an expression.
<p/>

<h2>Exception Handling</h2>

Exception handling using try/catch blocks works just as it does in Java.  
For example:

<example>
try {
    int i = 1/0;
} catch ( ArithmeticException e ) {
    print( e );
}
</example>

But you can loosely type your catch blocks if you wish:

<example>
try {
    ...
} catch ( e ) { 
    ...
}
</example>

<h2>Scoping of Loose Variables</h2>

We'll see in the next section that untyped variables in BeanShell methods
default to the <em>local</em> scope.  This means that, in general, if you 
assign a value to a variable without first declaring its type you are 
creating a new local variable. 
<p/>

However to be consistent with Java syntax, untyped variables used in block
statements such as if-else, for-loops, while, try/catch, etc. act like
they are part of the enclosing block, just as they would when referring to an
existing variable in Java.  Typed variable declarations remain local to the 
block, just as they would be in Java.  Here are some examples:
<p/>

<example>
// Arbitrary code block
{
    y = 2;      // Untyped variable assigned
    int x = 1;  // Typed variable assigned
}
print( y ); // 2
print( x ); // Error! x is undefined.

// Same with any block statement: if, while, try/catch, etc.
if ( true ) {
    y = 2;      // Untyped variable assigned
    int x = 1;  // Typed variable assigned
}
print( y ); // 2
print( x ); // Error! x is undefined.
</example>

Variables declared in the for-init area of a for-loop follow the same
rules as part of the block:

<example>
for( int i=0; i&lt;10; i++ ) {  // typed for-init variable
    j=42;
}
print( i ); // Error! 'i' is undefined.
print( j ); // 42

for( z=0; z&lt;10; z++ ) { }   // untyped for-init variable
print( z ); // 10
</example>

<h2>Convenience Syntax</h2>

In BeanShell you may access JavaBean properties as if they were fields:

<example>
button = new java.awt.Button();
button.label = "my button";  // Equivalent to: b.setLabel("my button");
</example>

JavaBean properties are simply pairs of "setter" and "getter" methods that
adhere to a naming convention.  In the above example BeanShell located
a "setter" method with the name "setLabel()" and used it to assign the string
value.
<p/>

If there is any ambiguity with an actual Java field name of the object 
(e.g. label in the above example) then the actual field name takes precedence.

If you wish to avoid ambiguity BeanShell provides an additional, 
uniform syntax for accessing Java Bean properties and Hashtable entries.  
You may use the "{}" curly brace construct with a 
String identifier as a qualifier on any variable of the appropriate type:

<example>
b = new java.awt.Button();
b{"label"} = "my button";  // Equivalent to: b.setLabel("my button");

h = new Hashtable();
h{"foo"} = "bar";          // Equivalent to: h.put("foo", "bar");
</example>

<em>
This syntax will be refined and broadened to cover general Java collections
in an upcoming release.
</em>

<h2>Boxing and Unboxing</h2>

"Boxing" and "Unboxing" are the terms used to describe automatically wrapping 
a primitive type in a wrapper class and unwrapping it as necessary.  Boxing
is reportedly an upcoming feature in the next release of Java (SDK1.5).
<p/>

BeanShell supports boxing and unboxing of primitive types.  For example:

<example>
i=5;
iw=new Integer(5);
print( i * iw );  // 25
</example>

<h2>Importing Classes and Packages</h2>

In BeanShell as in Java, you can either refer to classes by their fully
qualified names, or you can <strong>import</strong> one or more classes 
from a Java package.
<p/>

<example>
import javax.xml.parsers.*;
import mypackage.MyClass;
</example>
<p/>

In BeanShell import statements may appear anywhere - not just at the top of
a script.  In the event of a conflict, later imports take precedence over 
earlier ones.
<p/>

A somewhat experimental feature is the "super import".  With it you may 
automatically import the entire classpath, like so:

<example>
import *;
</example>

The first time you do this BeanShell will map out your entire classpath;
so this is primarily intended for interactive use.  Note that importing every
class in your classpath can be time consuming.  It can also result in a lot 
of ambiguities.  Currently BeanShell will report an error when resolving an 
an ambiguous import from mapping the entire classpath.  You may disambiguate 
it by importing the class you intend.
<p/>

<tip>
The BeanShell which() command will use the classpath mapping capability to
tell you where exactly in your classpath a specified class is located:
<pre>
bsh % which( java.lang.String );
Jar: file:/usr/java/j2sdk1.4.0/jre/lib/rt.jar
</pre>
</tip>

See "Class Path Management" for more details.
<p/>

<h3>Default Imports</h3>

By default, common Java core and extension packages are imported for 
you.  They are:

<ul>
<li>java.lang</li>
<li>java.io</li>
<li>java.util</li>
<li>java.net</li>
<li>java.awt</li>
<li>java.awt.event</li>
<li>javax.swing</li>
<li>javax.swing.event</li>
</ul>
<p/>

<h2>Document Friendly Entities</h2>

BeanShell supports special overloaded text forms of all common operators
to make it easier to embed BeanShell scripts inside other kinds of documents
(e.g XML).
<p/>

<table border="1" cellpadding="5">
<tr><td><strong>@gt</strong></td><td>&gt;</td></tr>
<tr><td><strong>@lt</strong></td><td>&lt;</td></tr>
<tr><td><strong>@lteq</strong></td><td>&lt;=</td></tr>
<tr><td><strong>@gteq</strong></td><td>&gt;=</td></tr>
<tr><td><strong>@or</strong></td><td>||</td></tr>
<tr><td><strong>@and</strong></td><td>&amp;&amp;</td></tr>
<tr><td><strong>@bitwise_and</strong></td><td>&amp;</td></tr>
<tr><td><strong>@bitwise_or</strong></td><td>|</td></tr>
<tr><td><strong>@left_shift</strong></td><td>&lt;&lt;</td></tr>
<tr><td><strong>@right_shift</strong></td><td>&gt;&gt;</td></tr>
<tr><td><strong>@right_unsigned_shift</strong></td><td>&gt;&gt;&gt;</td></tr>
<tr><td><strong>@and_assign</strong></td><td>&amp;=</td></tr>
<tr><td><strong>@or_assign</strong></td><td>|=</td></tr>
<tr><td><strong>@left_shift_assign</strong></td><td>&lt;&lt;=</td></tr>
<tr><td><strong>@right_shift_assign</strong></td><td>&gt;&gt;=</td></tr>
<tr><td><strong>@right_unsigned_shift_assign</strong></td><td>&gt;&gt;&gt;=</td></tr>
</table>

</section>
