<?xml version="1.0"?>
<!DOCTYPE NetworkDesign SYSTEM "file:///c:/workflow/newdesigner/dtd/networkdesign.dtd">

<!-- 
     DEMO2level
     Revision: 2
-->
<NetworkDesign>
  <Task x="10" name="DEMO2level" host="mobile700" securitydomainurl="/DefaultDomain.xml#Secret" y="10" id="DEMO2level">
    <Realization>
      <NetworkTaskRealization realizationtype="NonTransactionalNetwork" lasttask="FinalReview" firsttask="Prepare">
        <Domain url="/DefaultDomain.xml#Secret" tasks="Prepare TargetAnalysis Plan1 AltTargetAnalysis ReviewPlan FinalReview" y="18" id="Domain0.987324732984732" height="203" width="654" x="21">
        </Domain>
        <Domain url="/DefaultDomain.xml#Unclassified" tasks="Logisitics" y="251" id="Domain0.19519006739627265" height="165" width="155" x="151">
        </Domain>
        <InputMappingList>
        </InputMappingList>
        <OutputMappingList>
        </OutputMappingList>
      </NetworkTaskRealization>
    </Realization>
    <Output datatypeurl="TargetInfo" variablename="param1" id="DEMO2level0.5350791331301421"/>
    <DataSecurityMask dataname="Plan">
      <FieldMask accesstype="FullControl" fieldname="Author"/>
      <FieldMask accesstype="FullControl" fieldname="Description"/>
      <FieldMask accesstype="FullControl" fieldname="Approved"/>
    </DataSecurityMask>
    <DataSecurityMask dataname="TargetInfo">
      <FieldMask accesstype="FullControl" fieldname="name"/>
      <FieldMask accesstype="FullControl" fieldname="description"/>
      <FieldMask accesstype="FullControl" fieldname="x"/>
      <FieldMask accesstype="FullControl" fieldname="y"/>
      <FieldMask accesstype="FullControl" fieldname="radius"/>
    </DataSecurityMask>
  </Task>
  <Task x="56" name="Prepare" host="mobile700" securitydomainurl="/DefaultDomain.xml#Secret" y="112" id="Prepare" outarcs="Arc0.7586883868179546 Arc0.0040056766778728825">
    <Realization>
      <SimpleRealization>
        <HumanRealization/>
      </SimpleRealization>
    </Realization>
    <Output datatypeurl="TargetInfo" variablename="param1" id="Prepare0.031561098225732054"/>
    <Output datatypeurl="Plan" variablename="param0" id="Prepare0.13007033358307007"/>
    <OutputOperator>
      <Operator id="Operator0.5289111009600872" type="and">
        <Field id="Field0.9170205698223339" task="Plan1">
        </Field>
        <Field id="Field0.6673813955352087" task="TargetAnalysis">
        </Field>
      </Operator>
    </OutputOperator>
  </Task>
  <Task x="158" inarcs="Arc0.0040056766778728825" name="TargetAnalysis" host="mobile700" securitydomainurl="/DefaultDomain.xml#Secret" y="8" id="TargetAnalysis" outarcs="Arc0.7128329794502548 Arc0.47423354525455863">
    <Realization>
      <SimpleRealization>
        <NonTransactionalTaskRealization>
          <CorbaInvocation objectmarker="haha" classname="TargetTester" serverhost="turnip" returnvalue="string result" methodname="estimateRisk" servername="name">
            <Parameter datatypeurl="long" variablename="param0" id="Parameter0.09770054348909285"/>
            <Parameter datatypeurl="double" variablename="param1" id="Parameter0.6941245076115543"/>
            <Parameter datatypeurl="long" variablename="param2" id="Parameter0.5279308889648375"/>
            <Parameter datatypeurl="double" variablename="param3" id="Parameter0.723074866907177"/>
            <ForwardMappingList>
              <CorbaMapping secondElement="double param3" firstElement="long radius"/>
              <CorbaMapping secondElement="long param2" firstElement="long x"/>
              <CorbaMapping secondElement="long param2" firstElement="string name"/>
            </ForwardMappingList>
            <ReverseMappingList>
              <CorbaMapping secondElement="string result" firstElement="long radius"/>
            </ReverseMappingList>
          </CorbaInvocation>
        </NonTransactionalTaskRealization>
      </SimpleRealization>
    </Realization>
    <Invocation>
      <Parameter datatypeurl="TargetInfo" variablename="param0" id="TargetAnalysis0.8980216838699179"/>
    </Invocation>
    <Output datatypeurl="TargetInfo" variablename="param0" id="TargetAnalysis0.762895710643698"/>
    <TaskException datatypeurl="Meteor.OrbWork.OWTaskException" id="TargetAnalysis0.9837429234987">
      <LocalHandler retrytimes="aaa" email="amith@itd.nrl.navy.mil"/>
    </TaskException>
    <DataSecurityMask dataname="TargetInfo">
      <FieldMask accesstype="FullControl" fieldname="name"/>
      <FieldMask accesstype="FullControl" fieldname="description"/>
      <FieldMask accesstype="FullControl" fieldname="x"/>
      <FieldMask accesstype="FullControl" fieldname="y"/>
      <FieldMask accesstype="FullControl" fieldname="radius"/>
    </DataSecurityMask>
    <OutputOperator>
      <Operator id="Operator0.8459443454265623" type="and">
      </Operator>
    </OutputOperator>
  </Task>
  <Task x="214" inarcs="Arc0.7586883868179546" name="Plan1" host="mobile700" securitydomainurl="/DefaultDomain.xml#Secret" y="105" id="Plan1" outarcs="Arc0.7198375624970662">
    <Realization>
      <NetworkTaskRealization realizationtype="NonTransactionalNetwork" lasttask="GeneratePlan" firsttask="PrePlan">
        <Domain url="/DefaultDomain.xml#Secret" tasks="PrePlan CheckPlan AltCheckPlan GeneratePlan" y="21" id="Domain0.30108118667740325" height="354" width="511" x="33">
        </Domain>
        <InputMappingList>
        </InputMappingList>
        <OutputMappingList>
        </OutputMappingList>
      </NetworkTaskRealization>
    </Realization>
    <Invocation>
      <Parameter datatypeurl="Plan" variablename="param0" id="Plan10.9576779467838438"/>
    </Invocation>
    <Output datatypeurl="Plan" variablename="param0" id="Plan10.07271481613089126"/>
  </Task>
  <Task x="326" inarcs="Arc0.47423354525455863" name="AltTargetAnalysis" host="mobile700" securitydomainurl="/DefaultDomain.xml#Secret" y="9" id="AltTargetAnalysis" outarcs="Arc0.8119244819884924">
    <Realization>
      <SimpleRealization>
        <HumanRealization/>
      </SimpleRealization>
    </Realization>
    <Invocation>
      <Parameter datatypeurl="TargetInfo" variablename="param0" id="AltTargetAnalysis0.16350009245003805"/>
    </Invocation>
    <Output datatypeurl="TargetInfo" variablename="param0" id="AltTargetAnalysis0.35990310849578333"/>
  </Task>
  <Task x="350" inarcs="Arc0.7198375624970662 Arc0.7128329794502548 Arc0.8119244819884924" name="ReviewPlan" host="mobile700" securitydomainurl="/DefaultDomain.xml#Secret" y="104" id="ReviewPlan" outarcs="Arc0.8849045722455382">
    <Realization>
      <SimpleRealization>
        <HumanRealization/>
      </SimpleRealization>
    </Realization>
    <Invocation>
      <Parameter datatypeurl="TargetInfo" variablename="param0" id="ReviewPlan0.462772643493361"/>
      <Parameter datatypeurl="Plan" variablename="param1" id="ReviewPlan0.7089572819611238"/>
    </Invocation>
    <Output datatypeurl="Logistics" variablename="param0" id="ReviewPlan0.5423702070396974"/>
    <InputOperator>
      <Operator id="Operator0.1450775051260179" type="or">
        <Field id="Field0.7584920926101751">
          <Operator id="Operator0.4039108168990252" type="and">
            <Field id="Field0.7529303413465863" task="Plan1">
            </Field>
            <Field id="Field0.7674772240334872" task="TargetAnalysis">
            </Field>
          </Operator>
        </Field>
        <Field id="Field0.41338242545897075">
          <Operator id="Operator0.33439629765109824" type="and">
            <Field id="Field0.6919678127957951" task="Plan1">
            </Field>
            <Field id="Field0.4324532847677729" task="AltTargetAnalysis">
            </Field>
          </Operator>
        </Field>
      </Operator>
    </InputOperator>
  </Task>
  <Task x="512" inarcs="Arc0.9619727916979472" name="FinalReview" host="mobile700" securitydomainurl="/DefaultDomain.xml#Secret" y="94" id="FinalReview">
    <Realization>
      <SimpleRealization>
        <HumanRealization/>
      </SimpleRealization>
    </Realization>
    <Invocation>
      <Parameter datatypeurl="Logistics" variablename="param0" id="FinalReview0.3879959533418895"/>
    </Invocation>
    <Output datatypeurl="Logistics" variablename="param0" id="FinalReview0.026495032061586765"/>
  </Task>
  <Task x="56" inarcs="Arc0.8849045722455382" name="Logisitics" host="mobile700" securitydomainurl="/DefaultDomain.xml#Unclassified" y="63" id="Logisitics" outarcs="Arc0.9619727916979472">
    <Realization>
      <SimpleRealization>
        <TransactionalTaskRealization url="jdbc:odbc:Logistics" username="sa" query="select  Approved from Logistics where item='$input1' and quantity='$input2'" database="DEFAULT_DATABASE">
          <TransactionalInput>input1 Logistics item</TransactionalInput>
          <TransactionalInput>input2 Logistics quantity</TransactionalInput>
          <TransactionalOutput>output1 Logistics Approved</TransactionalOutput>
        </TransactionalTaskRealization>
      </SimpleRealization>
    </Realization>
    <Invocation>
      <Parameter datatypeurl="Logistics" variablename="param0" id="Logisitics0.8355841822489447"/>
    </Invocation>
    <Output datatypeurl="Logistics" variablename="param0" id="Logisitics0.26925215968438454"/>
  </Task>
  <Task x="109" name="PrePlan" host="mobile700" securitydomainurl="/DefaultDomain.xml#Secret" y="108" id="PrePlan" outarcs="Arc0.6989801255073714">
    <Realization>
      <SimpleRealization>
        <HumanRealization/>
      </SimpleRealization>
    </Realization>
    <Invocation>
      <Parameter datatypeurl="Plan" variablename="param0" id="PrePlan0.9283783543488525"/>
    </Invocation>
    <Output datatypeurl="Plan" variablename="param0" id="PrePlan0.19380803893402765"/>
  </Task>
  <Task x="200" inarcs="Arc0.6989801255073714" name="CheckPlan" host="mobile700" securitydomainurl="/DefaultDomain.xml#Secret" y="252" id="CheckPlan" outarcs="Arc0.3954618207498136 Arc0.03002123870124962">
    <Realization>
      <SimpleRealization>
        <NonTransactionalTaskRealization>
          <CorbaInvocation objectmarker="null" classname="null" serverhost="null" returnvalue="null" methodname="null" servername="null">
            <ForwardMappingList>
            </ForwardMappingList>
            <ReverseMappingList>
            </ReverseMappingList>
          </CorbaInvocation>
        </NonTransactionalTaskRealization>
      </SimpleRealization>
    </Realization>
    <Invocation>
      <Parameter datatypeurl="Plan" variablename="param0" id="CheckPlan0.44187580201343524"/>
    </Invocation>
    <Output datatypeurl="Plan" variablename="param0" id="CheckPlan0.7717664098701946"/>
    <TaskException datatypeurl="Meteor.OrbWork.OWTaskException" id="CheckPlan0.8926348762384">
      <LocalHandler retrydelay="20" retrytimes="3" email="amith@itd.nrl.navy.mil"/>
    </TaskException>
    <DataSecurityMask dataname="Plan">
      <FieldMask accesstype="FullControl" fieldname="Author"/>
      <FieldMask accesstype="FullControl" fieldname="Description"/>
      <FieldMask accesstype="FullControl" fieldname="Approved"/>
    </DataSecurityMask>
  </Task>
  <Task x="295" inarcs="Arc0.03002123870124962" name="AltCheckPlan" host="mobile700" securitydomainurl="/DefaultDomain.xml#Secret" y="126" id="AltCheckPlan" outarcs="Arc0.95285400384303">
    <Realization>
      <SimpleRealization>
        <HumanRealization/>
      </SimpleRealization>
    </Realization>
    <Invocation>
      <Parameter datatypeurl="Plan" variablename="param0" id="AltCheckPlan0.339141956432259"/>
    </Invocation>
    <Output datatypeurl="Plan" variablename="param0" id="AltCheckPlan0.7671709812762113"/>
  </Task>
  <Task x="387" inarcs="Arc0.3954618207498136 Arc0.95285400384303" name="GeneratePlan" host="mobile700" securitydomainurl="/DefaultDomain.xml#Secret" y="239" id="GeneratePlan">
    <Realization>
      <SimpleRealization>
        <HumanRealization/>
      </SimpleRealization>
    </Realization>
    <Invocation>
      <Parameter datatypeurl="Plan" variablename="param0" id="GeneratePlan0.5188057638119515"/>
    </Invocation>
    <Output datatypeurl="Plan" variablename="param0" id="GeneratePlan0.12096323590034463"/>
    <InputOperator>
      <Operator id="Operator0.4206082936822295" type="or">
        <Field id="Field0.4953552753963202" task="CheckPlan">
        </Field>
        <Field id="Field0.7883464824315802" task="AltCheckPlan">
        </Field>
      </Operator>
    </InputOperator>
  </Task>
  <Arc arctype="Success" destination="Plan1" id="Arc0.7586883868179546" source="Prepare">
    <Mapping secondElement="Plan10.9576779467838438" firstElement="Prepare0.13007033358307007"/>
  </Arc>
  <Arc arctype="Success" destination="ReviewPlan" id="Arc0.7198375624970662" source="Plan1">
    <Mapping secondElement="ReviewPlan0.7089572819611238" firstElement="Plan10.07271481613089126"/>
  </Arc>
  <Arc arctype="Success" destination="Logisitics" id="Arc0.8849045722455382" source="ReviewPlan">
    <Mapping secondElement="Logisitics0.8355841822489447" firstElement="ReviewPlan0.5423702070396974"/>
  </Arc>
  <Arc arctype="Success" destination="FinalReview" id="Arc0.9619727916979472" source="Logisitics">
    <Mapping secondElement="FinalReview0.3879959533418895" firstElement="Logisitics0.26925215968438454"/>
  </Arc>
  <Arc arctype="Success" destination="TargetAnalysis" id="Arc0.0040056766778728825" source="Prepare">
    <Mapping secondElement="TargetAnalysis0.8980216838699179" firstElement="Prepare0.031561098225732054"/>
  </Arc>
  <Arc arctype="Success" alternativetransition="GeneratePlan" destination="ReviewPlan" id="Arc0.7128329794502548" source="TargetAnalysis">
    <Mapping secondElement="ReviewPlan0.462772643493361" firstElement="TargetAnalysis0.762895710643698"/>
  </Arc>
  <Arc arctype="Fail" destination="AltTargetAnalysis" id="Arc0.47423354525455863" exception="Meteor.OrbWork.OWTaskException" source="TargetAnalysis">
    <Mapping secondElement="AltTargetAnalysis0.16350009245003805" firstElement="TargetAnalysis0.762895710643698"/>
  </Arc>
  <Arc arctype="Success" destination="ReviewPlan" id="Arc0.8119244819884924" source="AltTargetAnalysis">
    <Mapping secondElement="ReviewPlan0.462772643493361" firstElement="AltTargetAnalysis0.35990310849578333"/>
  </Arc>
  <Arc arctype="Success" destination="CheckPlan" id="Arc0.6989801255073714" source="PrePlan">
    <Mapping secondElement="CheckPlan0.44187580201343524" firstElement="PrePlan0.19380803893402765"/>
  </Arc>
  <Arc arctype="Success" destination="GeneratePlan" id="Arc0.3954618207498136" source="CheckPlan">
    <Mapping secondElement="GeneratePlan0.5188057638119515" firstElement="CheckPlan0.7717664098701946"/>
  </Arc>
  <Arc arctype="Fail" destination="AltCheckPlan" id="Arc0.03002123870124962" exception="Meteor.OrbWork.OWTaskException" source="CheckPlan">
    <Mapping secondElement="AltCheckPlan0.339141956432259" firstElement="CheckPlan0.7717664098701946"/>
  </Arc>
  <Arc arctype="Success" destination="GeneratePlan" id="Arc0.95285400384303" source="AltCheckPlan">
    <Mapping secondElement="GeneratePlan0.5188057638119515" firstElement="AltCheckPlan0.7671709812762113"/>
  </Arc>
</NetworkDesign>