
INSERT INTO PRODUCT (PRODUCT_ID, PRIMARY_PRODUCT_CATEGORY_ID, NAME, COMMENT, DESCRIPTION, LONG_DESCRIPTION, DEFAULT_PRICE, QUANTITY_INCLUDED)
  VALUES ('GZ-2644','101','Round Gizmo','','Round Gizmo w/ Lights','A small round gizmo with multi-colored lights. Works great in the dark. Small and compact.',47.99,100.000000);
INSERT INTO PRODUCT (PRODUCT_ID, PRIMARY_PRODUCT_CATEGORY_ID, NAME, COMMENT, DESCRIPTION, LONG_DESCRIPTION, DEFAULT_PRICE, QUANTITY_INCLUDED)
  VALUES ('GZ-8544','102','Big Gizmo','','Big Gizmo w/ Legs','A large gizmo with legs. Walks on its own. Does not require a power supply.',269.99,100.000000);
INSERT INTO PRODUCT (PRODUCT_ID, PRIMARY_PRODUCT_CATEGORY_ID, NAME, COMMENT, DESCRIPTION, LONG_DESCRIPTION, DEFAULT_PRICE, QUANTITY_INCLUDED)
  VALUES ('WG-5569','201','Tiny Chrome Widget','','Tiny Chrome Widget','This tiny chrome widget makes a perfect gift. The shine will last forever. No pollishing required.',59.99,50.000000);
INSERT INTO PRODUCT (PRODUCT_ID, PRIMARY_PRODUCT_CATEGORY_ID, NAME, COMMENT, DESCRIPTION, LONG_DESCRIPTION, DEFAULT_PRICE, QUANTITY_INCLUDED)
  VALUES ('WG-9943','202','Giant Widget','','Giant Widget With Wheels','This giant widget is mobile. It will seat one person safely. The wheels will never rust or break. Quite a unique item.',549.99,10.000000);

INSERT INTO PRODUCT_ASSOC (PRODUCT_ID, PRODUCT_ID_TO, PRODUCT_ASSOC_TYPE_ID, QUANTITY, FROM_DATE, THRU_DATE, REASON, INSTRUCTION) 
  VALUES ('WG-5569','WG-9943','PRODUCT_UPGRADE',1.0,null,null,'A little bit more expensive, but worth every penny!','');
INSERT INTO PRODUCT_ASSOC (PRODUCT_ID, PRODUCT_ID_TO, PRODUCT_ASSOC_TYPE_ID, QUANTITY, FROM_DATE, THRU_DATE, REASON, INSTRUCTION) 
  VALUES ('GZ-2644','GZ-8544','PRODUCT_UPGRADE',1.0,null,null,'A whole lot more features for the buck.','');

INSERT INTO PRODUCT_ASSOC (PRODUCT_ID, PRODUCT_ID_TO, PRODUCT_ASSOC_TYPE_ID, QUANTITY, FROM_DATE, THRU_DATE, REASON, INSTRUCTION) 
  VALUES ('WG-5569','GZ-2644','PRODUCT_COMPLEMENT',1.0,null,null,'These two are much more useful together.','');
INSERT INTO PRODUCT_ASSOC (PRODUCT_ID, PRODUCT_ID_TO, PRODUCT_ASSOC_TYPE_ID, QUANTITY, FROM_DATE, THRU_DATE, REASON, INSTRUCTION) 
  VALUES ('GZ-2644','WG-5569','PRODUCT_COMPLEMENT',1.0,null,null,'These two are much more useful together.','');

INSERT INTO PRODUCT_ASSOC (PRODUCT_ID, PRODUCT_ID_TO, PRODUCT_ASSOC_TYPE_ID, QUANTITY, FROM_DATE, THRU_DATE, REASON, INSTRUCTION) 
  VALUES ('GZ-8544','WG-9943','PRODUCT_OBSOLESCENCE',1.0,null,null,'The Giant Widget is much better than the Big Gizmo, so much so that it makes the Big Gizmo obsolete.','');

INSERT INTO PRODUCT_CATEGORY (PRODUCT_CATEGORY_ID,  PRIMARY_PARENT_CATEGORY_ID, DESCRIPTION, CATEGORY_IMAGE_URL, LONG_DESCRIPTION) VALUES ('CATALOG1',null,'Primary Catalog', '', 'Product Catalog');
INSERT INTO PRODUCT_CATEGORY (PRODUCT_CATEGORY_ID,  PRIMARY_PARENT_CATEGORY_ID, DESCRIPTION, CATEGORY_IMAGE_URL, LONG_DESCRIPTION) VALUES ('100','CATALOG1','Gizmos', '', 'long description of Gizmos');
INSERT INTO PRODUCT_CATEGORY (PRODUCT_CATEGORY_ID,  PRIMARY_PARENT_CATEGORY_ID, DESCRIPTION, CATEGORY_IMAGE_URL, LONG_DESCRIPTION) VALUES ('200','CATALOG1','Widgets', '', 'long description of Widgets');
INSERT INTO PRODUCT_CATEGORY (PRODUCT_CATEGORY_ID,  PRIMARY_PARENT_CATEGORY_ID, DESCRIPTION, CATEGORY_IMAGE_URL, LONG_DESCRIPTION) VALUES ('101','100','Small Gizmos', '', 'long description of Small Gizmos');
INSERT INTO PRODUCT_CATEGORY (PRODUCT_CATEGORY_ID,  PRIMARY_PARENT_CATEGORY_ID, DESCRIPTION, CATEGORY_IMAGE_URL, LONG_DESCRIPTION) VALUES ('102','100','Large Gizmos', '', 'long description of Large Gizmos');
INSERT INTO PRODUCT_CATEGORY (PRODUCT_CATEGORY_ID,  PRIMARY_PARENT_CATEGORY_ID, DESCRIPTION, CATEGORY_IMAGE_URL, LONG_DESCRIPTION) VALUES ('201','200','Small Widgets', '', 'long description of Small Widgets');
INSERT INTO PRODUCT_CATEGORY (PRODUCT_CATEGORY_ID,  PRIMARY_PARENT_CATEGORY_ID, DESCRIPTION, CATEGORY_IMAGE_URL, LONG_DESCRIPTION) VALUES ('202','200','Large Widgets', '', 'long description of Large Widgets');

INSERT INTO PRODUCT_CATEGORY (PRODUCT_CATEGORY_ID,  PRIMARY_PARENT_CATEGORY_ID, DESCRIPTION, CATEGORY_IMAGE_URL, LONG_DESCRIPTION) VALUES ('PROMOTIONS',null,'Featured Products', '', '');

INSERT INTO PRODUCT_CATEGORY_MEMBER (PRODUCT_CATEGORY_ID, PRODUCT_ID, FROM_DATE, THRU_DATE, COMMENT) VALUES ('202','WG-9943',null,null,'');
INSERT INTO PRODUCT_CATEGORY_MEMBER (PRODUCT_CATEGORY_ID, PRODUCT_ID, FROM_DATE, THRU_DATE, COMMENT) VALUES ('101','GZ-2644',null,null,'');
INSERT INTO PRODUCT_CATEGORY_MEMBER (PRODUCT_CATEGORY_ID, PRODUCT_ID, FROM_DATE, THRU_DATE, COMMENT) VALUES ('102','GZ-8544',null,null,'');
INSERT INTO PRODUCT_CATEGORY_MEMBER (PRODUCT_CATEGORY_ID, PRODUCT_ID, FROM_DATE, THRU_DATE, COMMENT) VALUES ('201','WG-5569',null,null,'');

INSERT INTO PRODUCT_CATEGORY_MEMBER (PRODUCT_CATEGORY_ID, PRODUCT_ID, FROM_DATE, THRU_DATE, COMMENT) VALUES ('PROMOTIONS','GZ-2644',null,null,'');
INSERT INTO PRODUCT_CATEGORY_MEMBER (PRODUCT_CATEGORY_ID, PRODUCT_ID, FROM_DATE, THRU_DATE, COMMENT) VALUES ('PROMOTIONS','WG-5569',null,null,'');
INSERT INTO PRODUCT_CATEGORY_MEMBER (PRODUCT_CATEGORY_ID, PRODUCT_ID, FROM_DATE, THRU_DATE, COMMENT) VALUES ('PROMOTIONS','WG-9943',null,null,'');


INSERT INTO PRODUCT_CATEGORY_ROLLUP (PRODUCT_CATEGORY_ID, PARENT_PRODUCT_CATEGORY_ID) VALUES ('100','CATALOG1');
INSERT INTO PRODUCT_CATEGORY_ROLLUP (PRODUCT_CATEGORY_ID, PARENT_PRODUCT_CATEGORY_ID) VALUES ('101','100');
INSERT INTO PRODUCT_CATEGORY_ROLLUP (PRODUCT_CATEGORY_ID, PARENT_PRODUCT_CATEGORY_ID) VALUES ('102','100');
INSERT INTO PRODUCT_CATEGORY_ROLLUP (PRODUCT_CATEGORY_ID, PARENT_PRODUCT_CATEGORY_ID) VALUES ('200','CATALOG1');
INSERT INTO PRODUCT_CATEGORY_ROLLUP (PRODUCT_CATEGORY_ID, PARENT_PRODUCT_CATEGORY_ID) VALUES ('201','200');
INSERT INTO PRODUCT_CATEGORY_ROLLUP (PRODUCT_CATEGORY_ID, PARENT_PRODUCT_CATEGORY_ID) VALUES ('202','200');

-- Products
INSERT INTO PRODUCT (PRODUCT_ID, PRIMARY_PRODUCT_CATEGORY_ID, NAME, COMMENT, DESCRIPTION, LONG_DESCRIPTION, DEFAULT_PRICE) VALUES 
		('testProduct1', 'testcategory1', 'Knuckle Poppers', 'They are safer than doing it yourself', 'Inexpensive and Effective Knuckle Poppers', 'These are the one and only knuckle poppers.  No one already his this in such a great form.', 24.99);
INSERT INTO PRODUCT (PRODUCT_ID, PRIMARY_PRODUCT_CATEGORY_ID, NAME, COMMENT, DESCRIPTION, LONG_DESCRIPTION, DEFAULT_PRICE) VALUES 
		('testProduct2', 'testcategory1', 'Popcorn Popper', 'Won''t burn curious children', 'Get it now while popcorn is popular', 'These are the one and only Popcorn Popper.', 15.99);

-- Orders
-- INSERT INTO ORDER_HEADER (ORDER_ID, ORDER_TYPE_ID, ORDER_DATE, ENTRY_DATE, STATUS_ID) VALUES ('testOrder1', 'SALES_ORDER', '07/31/2001',  '07/31/2001', 'BACKORDERED');
-- INSERT INTO ORDER_HEADER (ORDER_ID, ORDER_TYPE_ID, ORDER_DATE, ENTRY_DATE, STATUS_ID) VALUES ('testOrder2', 'SALES_ORDER',  '07/31/2001',  '07/31/2001', 'CANCELLED');

-- Order Items for testOrder1
-- INSERT INTO ORDER_ITEM (ORDER_ID, ORDER_ITEM_SEQ_ID, ORDER_ITEM_TYPE_ID, PRODUCT_ID, QUANTITY, UNIT_PRICE, ESTIMATED_DELIVERY_DATE, ITEM_DESCRIPTION, STATUS_ID) 
-- 		VALUES ('testOrder1', '1', 'SALES_ORDER_ITEM', 'testProduct1', 5, 2.99, null, 'This is just a test product', 'BACKORDERED');
-- INSERT INTO ORDER_ITEM (ORDER_ID, ORDER_ITEM_SEQ_ID, ORDER_ITEM_TYPE_ID, PRODUCT_ID, QUANTITY, UNIT_PRICE, ESTIMATED_DELIVERY_DATE, ITEM_DESCRIPTION, STATUS_ID) 
-- 		VALUES ('testOrder1', '2', 'SALES_ORDER_ITEM', 'testProduct2', 2, 15.99, null, 'This is also just a test product', 'BACKORDERED');

-- Order Items for testOrder2 (none)

-- Billing Account
INSERT INTO BILLING_ACCOUNT (BILLING_ACCOUNT_ID, CONTACT_MECH_ID, DESCRIPTION) VALUES ('testBillingAccount1', 'testContactMech1', 'This is my billing account');

INSERT INTO BILLING_ACCOUNT_ROLE (BILLING_ACCOUNT_ID, PARTY_ID, ROLE_TYPE_ID) VALUES ('testBillingAccount1', 'admin', 'BILL_TO_CUSTOMER');

-- Order Item Billing
-- INSERT INTO ORDER_ITEM_BILLING (ORDER_ID, ORDER_ITEM_SEQ_ID, INVOICE_ID, INVOICE_ITEM_SEQ_ID, QUANTITY, AMOUNT) VALUES ('testOrder1', '1', 'testInvoice1', '1', 5, 14.95);
-- INSERT INTO ORDER_ITEM_BILLING (ORDER_ID, ORDER_ITEM_SEQ_ID, INVOICE_ID, INVOICE_ITEM_SEQ_ID, QUANTITY, AMOUNT) VALUES ('testOrder1', '2', 'testInvoice1', '1', 2, 31.98);

-- Order Adjustment
-- INSERT INTO ORDER_ADJUSTMENT (ORDER_ADJUSTMENT_ID, ORDER_ADJUSTMENT_TYPE_ID, ORDER_ID, ORDER_ITEM_SEQ_ID, AMOUNT, PERCENTAGE) VALUES ('testOrderAdjustment1', 'SHIPPING_CHARGES', 'testOrder1', null, 5.55, null);
-- INSERT INTO ORDER_ADJUSTMENT (ORDER_ADJUSTMENT_ID, ORDER_ADJUSTMENT_TYPE_ID, ORDER_ID, ORDER_ITEM_SEQ_ID, AMOUNT, PERCENTAGE) VALUES ('testOrderAdjustment2', 'SHIPPING_CHARGES', 'testOrder2', null, 4.44, null);

-- CONTACT MECH 
INSERT INTO CONTACT_MECH (CONTACT_MECH_ID, CONTACT_MECH_TYPE_ID) VALUES ('testContactMech1', 'POSTAL_ADDRESS');

-- Order Item Contact Mech
-- INSERT INTO ORDER_CONTACT_MECH (CONTACT_MECH_ID, CONTACT_MECH_PURPOSE_TYPE_ID, ORDER_ID) VALUES ('testContactMech1', 'SHIPPING_LOCATION', 'testOrder1');
-- INSERT INTO ORDER_CONTACT_MECH (CONTACT_MECH_ID, CONTACT_MECH_PURPOSE_TYPE_ID, ORDER_ID) VALUES ('testContactMech1', 'BILLING_LOCATION', 'testOrder1');
-- INSERT INTO ORDER_CONTACT_MECH (CONTACT_MECH_ID, CONTACT_MECH_PURPOSE_TYPE_ID, ORDER_ID) VALUES ('testContactMech1', 'SHIPPING_LOCATION', 'testOrder2');
-- INSERT INTO ORDER_CONTACT_MECH (CONTACT_MECH_ID, CONTACT_MECH_PURPOSE_TYPE_ID, ORDER_ID) VALUES ('testContactMech1', 'BILLING_LOCATION', 'testOrder2');

-- POSTAL ADDRESS
INSERT INTO POSTAL_ADDRESS (CONTACT_MECH_ID, TO_NAME, ADDRESS1, CITY, POSTAL_CODE, STATE_PROVINCE_GEO_ID, COUNTRY_GEO_ID)
		VALUES ('testContactMech1', 'Admin Supervisor', '101 S. State St.', 'Salt Lake City', 84101, 'UT', 'USA');

-- Order Shipment Preference
-- INSERT INTO ORDER_SHIPMENT_PREFERENCE (ORDER_ID, ORDER_ITEM_SEQ_ID, SHIPMENT_METHOD_TYPE_ID, CARRIER_PARTY_ID, CARRIER_ROLE_TYPE_ID, SHIPPING_INSTRUCTIONS) 
-- 						VALUES ('testOrder1', 'NA', 'AIR', 'UPS', 'CARRIER', 'please hurry!');
-- INSERT INTO ORDER_SHIPMENT_PREFERENCE (ORDER_ID, ORDER_ITEM_SEQ_ID, SHIPMENT_METHOD_TYPE_ID, CARRIER_PARTY_ID, CARRIER_ROLE_TYPE_ID, SHIPPING_INSTRUCTIONS) 
-- 						VALUES ('testOrder2', 'NA', 'GROUND', 'UPS', 'CARRIER', 'put it on my door-step');

-- Order Payment Preference
-- INSERT INTO ORDER_PAYMENT_PREFERENCE (ORDER_PAYMENT_PREFERENCE_ID, ORDER_ID, PAYMENT_METHOD_TYPE_ID, PAYMENT_INFO_ID)
-- 				VALUES ('pref1', 'testOrder1', 'CREDIT_CARD', '1234123412341234');
-- INSERT INTO ORDER_PAYMENT_PREFERENCE (ORDER_PAYMENT_PREFERENCE_ID, ORDER_ID, PAYMENT_METHOD_TYPE_ID, PAYMENT_INFO_ID)
-- 				VALUES ('pref2', 'testOrder2', 'CASH', 'useless info');


-- Shipment
-- INSERT INTO SHIPMENT (SHIPMENT_ID, SHIPMENT_TYPE_ID, CONTACT_MECH_ID, PARTY_ID, ESTIMATED_SHIP_DATE, ESTIMATED_ARRIVAL_DATE, ESTIMATED_SHIP_COST, ACTUAL_SHIP_COST, HANDLING_INSTRUCTIONS) VALUES 
-- 		('testShipment1', 'CUSTOMER_SHIPMENT',  'testContactMech1', 'admin', null, null, 6.00, 15.81, 'please do not tip to any side - live objects abourd.');

INSERT INTO PARTY (PARTY_ID) VALUES ('UPS');

INSERT INTO CARRIER_SHIPMENT_METHOD (SHIPMENT_METHOD_TYPE_ID, PARTY_ID, ROLE_TYPE_ID) VALUES ('GROUND', 'UPS', 'CARRIER');
INSERT INTO CARRIER_SHIPMENT_METHOD (SHIPMENT_METHOD_TYPE_ID, PARTY_ID, ROLE_TYPE_ID) VALUES ('AIR', 'UPS', 'CARRIER');
INSERT INTO CARRIER_SHIPMENT_METHOD (SHIPMENT_METHOD_TYPE_ID, PARTY_ID, ROLE_TYPE_ID) VALUES ('NEXT_DAY', 'UPS', 'CARRIER');
INSERT INTO CARRIER_SHIPMENT_METHOD (SHIPMENT_METHOD_TYPE_ID, PARTY_ID, ROLE_TYPE_ID) VALUES ('LOCAL_DELIVERY', 'Company', 'CARRIER');

-- Order Status 
-- INSERT INTO ORDER_STATUS (ORDER_STATUS_ID, STATUS_ID, ORDER_ID, ORDER_ITEM_SEQ_ID, STATUS_DATETIME) VALUES ('testOrder1Status1', 'BACKORDERED', 'testOrder1', null, '07/31/2001'); 
-- INSERT INTO ORDER_STATUS (ORDER_STATUS_ID, STATUS_ID, ORDER_ID, ORDER_ITEM_SEQ_ID, STATUS_DATETIME) VALUES ('testOrder2Status', 'CANCELLED', 'testOrder2', null, '07/31/2001'); 

-- Person
INSERT INTO PERSON (PARTY_ID, LAST_NAME, FIRST_NAME, MIDDLE_NAME, PERSONAL_TITLE, SUFFIX) VALUES ('admin', 'ADMINISTRATOR', 'THE', 'PRIVILEGED', 'Mr.', 'Jr.');

-- Order Role
-- INSERT INTO ORDER_ROLE (ORDER_ID, PARTY_ID, ROLE_TYPE_ID) VALUES ('testOrder1', 'admin', 'PLACING_CUSTOMER');
-- INSERT INTO ORDER_ROLE (ORDER_ID, PARTY_ID, ROLE_TYPE_ID) VALUES ('testOrder1', 'admin', 'END_USER_CUSTOMER');
-- INSERT INTO ORDER_ROLE (ORDER_ID, PARTY_ID, ROLE_TYPE_ID) VALUES ('testOrder1', 'admin', 'SHIP_TO_CUSTOMER');
-- INSERT INTO ORDER_ROLE (ORDER_ID, PARTY_ID, ROLE_TYPE_ID) VALUES ('testOrder1', 'admin', 'BILL_TO_CUSTOMER');

-- INSERT INTO ORDER_ROLE (ORDER_ID, PARTY_ID, ROLE_TYPE_ID) VALUES ('testOrder2', 'admin', 'PLACING_CUSTOMER');
-- INSERT INTO ORDER_ROLE (ORDER_ID, PARTY_ID, ROLE_TYPE_ID) VALUES ('testOrder2', 'admin', 'END_USER_CUSTOMER');
-- INSERT INTO ORDER_ROLE (ORDER_ID, PARTY_ID, ROLE_TYPE_ID) VALUES ('testOrder2', 'admin', 'SHIP_TO_CUSTOMER');
-- INSERT INTO ORDER_ROLE (ORDER_ID, PARTY_ID, ROLE_TYPE_ID) VALUES ('testOrder2', 'admin', 'BILL_TO_CUSTOMER');

COMMIT;


