
INSERT INTO PRODUCT (PRODUCT_ID, PRIMARY_PRODUCT_CATEGORY_ID, NAME, COMMENT, DESCRIPTION, LONG_DESCRIPTION, DEFAULT_PRICE, QUANTITY_INCLUDED)
  VALUES ('GZ-2644','101','Round Gizmo','','Round Gizmo w/ Lights','A small round gizmo with multi-colored lights. Works great in the dark. Small and compact.',47.99,100.000000);
INSERT INTO PRODUCT (PRODUCT_ID, PRIMARY_PRODUCT_CATEGORY_ID, NAME, COMMENT, DESCRIPTION, LONG_DESCRIPTION, DEFAULT_PRICE, QUANTITY_INCLUDED)
  VALUES ('GZ-8544','102','Big Gizmo','','Big Gizmo w/ Legs','A large gizmo with legs. Walks on its own. Does not require a power supply.',269.99,100.000000);
INSERT INTO PRODUCT (PRODUCT_ID, PRIMARY_PRODUCT_CATEGORY_ID, NAME, COMMENT, DESCRIPTION, LONG_DESCRIPTION, DEFAULT_PRICE, QUANTITY_INCLUDED)
  VALUES ('WG-5569','201','Tiny Chrome Widget','','Tiny Chrome Widget','This tiny chrome widget makes a perfect gift. The shine will last forever. No pollishing required.',59.99,50.000000);
INSERT INTO PRODUCT (PRODUCT_ID, PRIMARY_PRODUCT_CATEGORY_ID, NAME, COMMENT, DESCRIPTION, LONG_DESCRIPTION, DEFAULT_PRICE, QUANTITY_INCLUDED)
  VALUES ('WG-9943','202','Giant Widget','','Giant Widget With Wheels','This giant widget is mobile. It will seat one person safely. The wheels will never rust or break. Quite a unique item.',549.99,10.000000);

INSERT INTO PRODUCT_CATEGORY VALUES ('CATALOG1',NULL,'Primary Catalog');
INSERT INTO PRODUCT_CATEGORY VALUES ('100','CATALOG1','Gizmos');
INSERT INTO PRODUCT_CATEGORY VALUES ('200','CATALOG1','Widgets');
INSERT INTO PRODUCT_CATEGORY VALUES ('101','100','Small Gizmos');
INSERT INTO PRODUCT_CATEGORY VALUES ('102','100','Large Gizmos');
INSERT INTO PRODUCT_CATEGORY VALUES ('201','200','Small Widgets');
INSERT INTO PRODUCT_CATEGORY VALUES ('202','200','Large Widgets');

INSERT INTO PRODUCT_CATEGORY_MEMBER VALUES ('202','WG-9943',NULL,NULL,'','');
INSERT INTO PRODUCT_CATEGORY_MEMBER VALUES ('101','GZ-2644',NULL,NULL,'','');
INSERT INTO PRODUCT_CATEGORY_MEMBER VALUES ('102','GZ-8544',NULL,NULL,'','');
INSERT INTO PRODUCT_CATEGORY_MEMBER VALUES ('201','WG-5569',NULL,NULL,'','');

INSERT INTO PRODUCT_CATEGORY_ROLLUP VALUES ('100','CATALOG1');
INSERT INTO PRODUCT_CATEGORY_ROLLUP VALUES ('101','100');
INSERT INTO PRODUCT_CATEGORY_ROLLUP VALUES ('102','100');
INSERT INTO PRODUCT_CATEGORY_ROLLUP VALUES ('200','CATALOG1');
INSERT INTO PRODUCT_CATEGORY_ROLLUP VALUES ('201','200');
INSERT INTO PRODUCT_CATEGORY_ROLLUP VALUES ('202','200');

-- Products
INSERT INTO PRODUCT (PRODUCT_ID, PRIMARY_PRODUCT_CATEGORY_ID, NAME, COMMENT, DESCRIPTION, LONG_DESCRIPTION, DEFAULT_PRICE) VALUES 
		('testProduct1', 'testcategory1', 'Knuckle Poppers', 'They are safer than doing it yourself', 'Inexpensive and Effective Knuckle Poppers', 'These are the one and only knuckle poppers.  No one already his this in such a great form.', 24.99);
INSERT INTO PRODUCT (PRODUCT_ID, PRIMARY_PRODUCT_CATEGORY_ID, NAME, COMMENT, DESCRIPTION, LONG_DESCRIPTION, DEFAULT_PRICE) VALUES 
		('testProduct2', 'testcategory1', 'Popcorn Popper', 'Won''t burn curious children', 'Get it now while popcorn is popular', 'These are the one and only Popcorn Popper.', 15.99);

-- Orders
INSERT INTO ORDER_HEADER (ORDER_ID, ORDER_TYPE_ID, ORDER_DATE, ENTRY_DATE) VALUES ('testOrder1', 'SALES_ORDER', null, null);
INSERT INTO ORDER_HEADER (ORDER_ID, ORDER_TYPE_ID, ORDER_DATE, ENTRY_DATE) VALUES ('testOrder2', 'SALES_ORDER', null, null);

-- Order Items for testOrder1
INSERT INTO ORDER_ITEM (ORDER_ID, ORDER_ITEM_SEQ_ID, ORDER_ITEM_TYPE_ID, PRODUCT_ID, QUANTITY, UNIT_PRICE, ESTIMATED_DELIVERY_DATE, SHIPPING_INSTRUCTIONS, ITEM_DESCRIPTION) 
		VALUES ('testOrder1', '1', 'SALES_ORDER_ITEM', 'testProduct1', 5, 2.99, null, 'place it just inside the front door', 'This is just a test product');
INSERT INTO ORDER_ITEM (ORDER_ID, ORDER_ITEM_SEQ_ID, ORDER_ITEM_TYPE_ID, PRODUCT_ID, QUANTITY, UNIT_PRICE, ESTIMATED_DELIVERY_DATE, SHIPPING_INSTRUCTIONS, ITEM_DESCRIPTION) 
		VALUES ('testOrder1', '2', 'SALES_ORDER_ITEM', 'testProduct2', 2, 15.99, null, 'place it just inside the front door', 'This is also just a test product');

-- Order Items for testOrder2 (none)

-- Order Item Billing
INSERT INTO ORDER_ITEM_BILLING (ORDER_ID, ORDER_ITEM_SEQ_ID, INVOICE_ID, INVOICE_ITEM_SEQ_ID, QUANTITY, AMOUNT) VALUES ('testOrder1', '1', 'testInvoice1', '1', 5, 14.95);

INSERT INTO ORDER_ITEM_BILLING (ORDER_ID, ORDER_ITEM_SEQ_ID, INVOICE_ID, INVOICE_ITEM_SEQ_ID, QUANTITY, AMOUNT) VALUES ('testOrder1', '2', 'testInvoice1', '1', 2, 31.98);


-- CONTACT MECH 
INSERT INTO CONTACT_MECH (CONTACT_MECH_ID, CONTACT_MECH_TYPE_ID) VALUES ('testContactMech1', 'POSTAL_ADDRESS');

-- POSTAL ADDRESS
INSERT INTO POSTAL_ADDRESS (CONTACT_MECH_ID, TO_NAME, ADDRESS1, CITY, POSTAL_CODE, STATE_PROVINCE_GEO_ID, COUNTRY_GEO_ID)
		VALUES ('testContactMech1', 'Admin Supervisor', '101 S. State St.', 'Salt Lake City', 84101, null, null);

-- Order Shipment
INSERT INTO ORDER_SHIPMENT (ORDER_ID, ORDER_ITEM_SEQ_ID, SHIPMENT_ID, SHIPMENT_ITEM_SEQ_ID) VALUES ('testOrder1', '1', 'testShipment1', '1');
INSERT INTO ORDER_SHIPMENT (ORDER_ID, ORDER_ITEM_SEQ_ID, SHIPMENT_ID, SHIPMENT_ITEM_SEQ_ID) VALUES ('testOrder1', '2', 'testShipment1', '2');


-- Shipment
INSERT INTO SHIPMENT (SHIPMENT_ID, SHIPMENT_TYPE_ID, CONTACT_MECH_ID, PARTY_ID, ESTIMATED_SHIP_DATE, ESTIMATED_ARRIVAL_DATE, ESTIMATED_SHIP_COST, ACTUAL_SHIP_COST, HANDLING_INSTRUCTIONS) VALUES 
		('testShipment1', 'CUSTOMER_SHIPMENT',  'testContactMech1', 'admin', null, null, 6.00, 15.81, 'please do not tip to any side - live objects abourd.');

-- Order Status 
INSERT INTO ORDER_STATUS (ORDER_STATUS_ID, STATUS_ID, ORDER_ID, ORDER_ITEM_SEQ_ID, STATUS_DATETIME) VALUES ('testOrder1Status1', 'FINISHED', 'testOrder1', '1', null); 
INSERT INTO ORDER_STATUS (ORDER_STATUS_ID, STATUS_ID, ORDER_ID, ORDER_ITEM_SEQ_ID, STATUS_DATETIME) VALUES ('testOrder1Status2', 'FINISHED', 'testOrder1', '2', null); 

INSERT INTO ORDER_STATUS (ORDER_STATUS_ID, STATUS_ID, ORDER_ID, ORDER_ITEM_SEQ_ID, STATUS_DATETIME) VALUES ('testOrder2Status', 'FINISHED', 'testOrder2', null, null); 

-- Person
INSERT INTO PERSON (PARTY_ID, LAST_NAME, FIRST_NAME, MIDDLE_NAME, PERSONAL_TITLE, SUFFIX) VALUES ('admin', 'ADMINISTRATOR', 'THE', 'PRIVILEGED', 'Mr.', 'Jr.');

-- Order Role
INSERT INTO ORDER_ROLE (ORDER_ID, PARTY_ID, ROLE_TYPE_ID) VALUES ('testOrder1', 'admin', 'PLACING_CUSTOMER');
INSERT INTO ORDER_ROLE (ORDER_ID, PARTY_ID, ROLE_TYPE_ID) VALUES ('testOrder1', 'admin', 'END_USER_CUSTOMER');
INSERT INTO ORDER_ROLE (ORDER_ID, PARTY_ID, ROLE_TYPE_ID) VALUES ('testOrder1', 'admin', 'SHIP_TO_CUSTOMER');
INSERT INTO ORDER_ROLE (ORDER_ID, PARTY_ID, ROLE_TYPE_ID) VALUES ('testOrder1', 'admin', 'BILL_TO_CUSTOMER');

INSERT INTO ORDER_ROLE (ORDER_ID, PARTY_ID, ROLE_TYPE_ID) VALUES ('testOrder2', 'admin', 'PLACING_CUSTOMER');
INSERT INTO ORDER_ROLE (ORDER_ID, PARTY_ID, ROLE_TYPE_ID) VALUES ('testOrder2', 'admin', 'END_USER_CUSTOMER');
INSERT INTO ORDER_ROLE (ORDER_ID, PARTY_ID, ROLE_TYPE_ID) VALUES ('testOrder2', 'admin', 'SHIP_TO_CUSTOMER');
INSERT INTO ORDER_ROLE (ORDER_ID, PARTY_ID, ROLE_TYPE_ID) VALUES ('testOrder2', 'admin', 'BILL_TO_CUSTOMER');

COMMIT;


