<?xml version="1.0"?>
<!DOCTYPE RoleDomain SYSTEM "RoleDomain.dtd">

<!-- 
     Demo
     Revision: 1
     Tue May 09 15:34:42 EDT 2000
-->
<RoleDomain id="RoleDomain_Demo">
  <Description>ddd</Description>
  <Role id="TargetAnalyzer">
    <Description>ff</Description>
    <Privileges></Privileges>
    <LowRoleList idrefs="Planner"/>
    <HighRoleList/>
  </Role>
  <Role id="Planner">
    <Description></Description>
    <Privileges></Privileges>
    <LowRoleList/>
    <HighRoleList idrefs="TargetAnalyzer"/>
  </Role>
</RoleDomain>